DATE,pond,Depth,Temp_C,DO_Percent,DO_mgL,Conductivity
2021-06-08,ALC,0,24.2,64.2,5.42,1349
2021-06-08,ALC,0.25,24.2,62.3,5.25,1349
2021-06-08,ALC,0.5,23.8,28,2.36,1385
2021-06-15,ALC,0,27.1,162.4,12.95,1625
2021-06-15,ALC,0.25,23.1,77.5,6.6,1625
2021-06-15,ALC,0.5,22,45.1,3.92,1535
2021-06-15,ALC,0.75,21.9,42.8,3.72,1519
2021-07-02,ALC,0,24.1,57.9,1.86,681
2021-07-02,ALC,0.25,23.4,37.1,3.16,681
2021-07-02,ALC,0.5,22.4,11.6,1,683
2021-07-02,ALC,0.75,22.2,3.8,0.33,704
2021-07-08,ALC,0,21.4,136.5,12.07,843
2021-07-08,ALC,0.25,21.2,80.1,7.1,843
2021-07-08,ALC,0.5,20.7,36.5,3.26,844
2021-07-21,ALC,0,22.1,41.7,3.64,708
2021-07-21,ALC,0.25,22.2,41.6,3.61,708
2021-07-21,ALC,0.5,21.8,17.6,1.54,716
2021-07-21,ALC,0.75,21.4,2,0.17,772
2021-07-27,ALC,0,22.8,41.2,3.55,850
2021-07-27,ALC,0.25,22.9,37.9,3.25,850
2021-07-27,ALC,0.5,22.7,30.5,2.63,852
2021-07-27,ALC,0.75,22.4,17.4,1.5,867
2021-08-02,ALC,0,20.3,33.2,3.02,849
2021-08-02,ALC,0.25,20.2,23.7,2.13,849
2021-08-02,ALC,0.5,19.8,31.7,2.9,849
2021-08-02,ALC,0.75,19.4,42.5,3.9,839
2022-01-13,ALC,0,0.8,47.7,6.76,1206
2022-01-13,ALC,0.25,1.6,49.4,6.85,1252
2022-01-13,ALC,0.5,2.9,46.9,2.23,1368
2022-01-27,ALC,0,0.7,23.1,3.31,704
2022-01-27,ALC,0.25,1,13.02,2.81,1454
2022-01-27,ALC,0.5,1.3,8.2,0.94,1440
2022-01-27,ALC,0.75,2.5,2.4,0.31,1460
2022-02-09,ALC,0,0.5,8.3,1.13,2012
2022-02-09,ALC,0.25,0.4,4.7,0.66,1978
2022-02-09,ALC,0.5,0.7,3.5,0.47,1983
2022-02-09,ALC,0.75,1.6,2.5,0.34,2204
2021-06-07,CAP,0,26.2,39.2,3.16,350.2
2021-06-07,CAP,0.25,26.3,38.9,3.14,350.2
2021-06-07,CAP,0.5,26.3,39.1,3.15,348
2021-06-07,CAP,0.75,26.2,38.9,3.13,348.3
2021-06-07,CAP,1,26.1,32.1,2.61,348.3
2021-06-16,CAP,0,25.8,74.3,6.04,372.8
2021-06-16,CAP,0.25,25.9,74.4,6.04,372.8
2021-06-16,CAP,0.5,25.5,76.5,6.28,371.3
2021-06-16,CAP,0.75,25,81.7,6.73,369.2
2021-06-16,CAP,1,24.9,81,6.71,365.5
2021-07-01,CAP,0,28.1,70.4,5.5,102.2
2021-07-01,CAP,0.25,28,70.2,5.49,102.2
2021-07-01,CAP,0.5,26.2,62.9,5.09,104.6
2021-07-01,CAP,0.75,25.2,65,5.36,99.4
2021-07-01,CAP,1,24.7,41.3,3.4,99.1
2021-07-01,CAP,1.25,24.4,8.7,0.7,114.8
2021-07-08,CAP,0,23.5,4.3,0.36,112.7
2021-07-08,CAP,0.25,23.6,5.1,0.43,112.7
2021-07-08,CAP,0.5,23.6,2.8,0.23,113.4
2021-07-08,CAP,0.75,23.6,1.8,0.15,113.3
2021-07-08,CAP,1,23.5,1,0.09,114.3
2021-07-08,CAP,1.25,23.4,0.8,0.06,115.2
2021-07-16,CAP,0,23.3,26.4,2.25,105.4
2021-07-16,CAP,0.25,23.2,25.4,2.17,105.4
2021-07-16,CAP,0.5,23.2,19.6,1.69,105.9
2021-07-16,CAP,0.75,22.9,14,1.2,106.7
2021-07-16,CAP,1,22.8,9.2,0.79,106.8
2021-07-16,CAP,1.25,22.7,5.1,0.44,107.4
2021-07-16,CAP,1.5,22.5,5.4,0.47,108.5
2021-07-16,CAP,1.75,22.1,0.8,0.07,143.8
2021-07-29,CAP,0,27.3,36.5,2.92,108.7
2021-07-29,CAP,0.25,25.6,3.8,0.31,108.7
2021-07-29,CAP,0.5,25.1,1.6,0.13,102.6
2021-07-29,CAP,0.75,24.9,1,0.08,102.5
2021-07-29,CAP,1,24.5,0.7,0.06,94.4
2021-08-04,CAP,0,25.1,21.9,1.81,126.8
2021-08-04,CAP,0.25,23.8,11.5,0.96,126.8
2021-08-04,CAP,0.5,23.1,15,0.43,124.2
2021-08-04,CAP,0.75,23,1.9,0.16,122.9
2021-08-04,CAP,1,22.8,1.6,0.14,124.3
2021-08-04,CAP,1.25,22.7,1.1,0.09,132
2022-01-13,CAP,0,2.6,39.1,5.1,171.9
2022-01-13,CAP,0.25,3,18.9,2.56,173.1
2022-01-13,CAP,0.5,3.4,7.4,0.97,177.3
2022-01-13,CAP,0.75,3.6,5.7,0.72,182.4
2022-01-13,CAP,1,3.6,4.8,0.64,184.4
2022-01-27,CAP,0,1.3,10.4,1.46,228.4
2022-01-27,CAP,0.25,1.2,8.3,1.15,224.3
2022-01-27,CAP,0.5,1.5,6.3,0.74,226.5
2022-01-27,CAP,0.75,2.5,3.3,0.44,226.2
2022-01-27,CAP,1,2.7,2.6,0.34,250.3
2022-01-27,CAP,1.25,3,2.2,0.29,242.3
2022-02-09,CAP,0,0.9,18.1,2.57,626
2022-02-09,CAP,0.25,0.8,19.9,2.84,619
2022-02-09,CAP,0.5,1.2,18.8,2.63,602
2022-02-09,CAP,0.75,1.8,12.4,1.71,602
2022-02-09,CAP,1,2,8.5,1.16,611
2021-06-09,DCSW1,0,26.9,154.2,12.31,354
2021-06-09,DCSW1,0.25,26,114,9.2,354
2021-06-09,DCSW1,0.5,25.2,54.7,4.47,385.2
2021-06-09,DCSW1,0.75,23.1,72,6.17,391
2021-06-09,DCSW1,1,19.5,90.9,8.37,373.1
2021-06-09,DCSW1,1.25,17.3,51,4.9,341.6
2021-06-09,DCSW1,1.5,15.7,22,2.06,333.8
2021-06-21,DCSW1,0,22.6,45.2,3.9,213
2021-06-21,DCSW1,0.25,22.6,45.2,3.9,213
2021-06-21,DCSW1,0.5,22.6,45.2,3.89,213.6
2021-06-21,DCSW1,0.75,22.6,44.5,3.85,213.7
2021-06-21,DCSW1,1,22.6,42,3.65,214
2021-06-21,DCSW1,1.25,22.2,30.9,2.69,222.9
2021-06-21,DCSW1,1.5,21.4,5.6,0.48,236.3
2021-06-21,DCSW1,1.75,19.5,0.8,0.07,329.2
2021-07-01,DCSW1,0,24.3,50.4,4.22,285.3
2021-07-01,DCSW1,0.25,24.3,49.2,4.11,285.3
2021-07-01,DCSW1,0.5,24.3,49.3,4.12,286.6
2021-07-01,DCSW1,0.75,23.8,33.9,2.82,300.5
2021-07-01,DCSW1,1,23.5,6.3,0.53,306.3
2021-07-01,DCSW1,1.25,23.2,1.5,0.13,318.1
2021-07-01,DCSW1,1.5,22.4,0.8,0.07,365.6
2021-07-01,DCSW1,1.75,21.4,0.9,0.08,437.2
2021-07-01,DCSW1,2,18.6,0.8,0.07,520
2021-07-09,DCSW1,0,23.2,16.5,1.4,370.1
2021-07-09,DCSW1,0.25,23.2,12.9,1.1,370.1
2021-07-09,DCSW1,0.5,22.7,5.5,0.47,371.9
2021-07-09,DCSW1,0.75,22.7,3.7,0.32,370
2021-07-09,DCSW1,1,22.5,2.5,0.22,368.9
2021-07-09,DCSW1,1.25,22.4,1,0.08,366.8
2021-07-09,DCSW1,1.5,22.4,0.4,0.04,367.1
2021-07-09,DCSW1,1.75,22.1,0.3,0.03,371
2021-07-09,DCSW1,2,20.2,0.2,0.02,510
2021-07-19,DCSW1,0,24.5,43.4,3.62,257.4
2021-07-19,DCSW1,0.25,24.6,42.4,3.53,257.4
2021-07-19,DCSW1,0.5,24.4,39.1,3.26,258.7
2021-07-19,DCSW1,0.75,24.3,35.8,3,259.8
2021-07-19,DCSW1,1,24.2,24.6,2.07,256.2
2021-07-19,DCSW1,1.25,24.1,26.7,2.24,255.6
2021-07-19,DCSW1,1.5,24,22.8,1.92,256.2
2021-07-19,DCSW1,1.75,23.4,11.7,0.99,271.1
2021-07-29,DCSW1,0,25.4,21.9,1.79,407.3
2021-07-29,DCSW1,0.25,25.5,21.1,1.73,407.3
2021-07-29,DCSW1,0.5,25.5,21.1,1.72,406.6
2021-07-29,DCSW1,0.75,25.5,20.6,1.67,406.5
2021-07-29,DCSW1,1,25.4,15.6,1.27,406.6
2021-07-29,DCSW1,1.25,25.04,9,0.74,409.1
2021-07-29,DCSW1,1.5,25,1.2,0.1,41707
2021-07-29,DCSW1,1.75,24.5,0.8,0.07,430.6
2021-07-29,DCSW1,2,23,0.7,0.06,457.3
2021-08-04,DCSW1,0,25.4,71.2,5.84,269.1
2021-08-04,DCSW1,0.25,24.6,74,6.17,269.1
2021-08-04,DCSW1,0.5,24,68.9,5.81,262.4
2021-08-04,DCSW1,0.75,23.8,60.4,5.09,260.4
2021-08-04,DCSW1,1,23.6,60.2,5.11,263
2021-08-04,DCSW1,1.25,23.5,60.7,5.15,263.3
2021-08-04,DCSW1,1.5,23.4,50,4.26,262.2
2021-08-04,DCSW1,1.75,23.2,25.6,2.19,266
2022-01-13,DCSW1,0,2.4,99.1,15.66,529
2022-01-13,DCSW1,0.25,2.9,100,13.67,514
2022-01-13,DCSW1,0.5,3.1,101.4,13.72,517
2022-01-13,DCSW1,0.75,3,102.7,13.77,520
2022-01-13,DCSW1,1,3.1,102.7,13.77,519
2022-01-13,DCSW1,1.25,3.1,102.8,13.77,529
2022-01-13,DCSW1,1.5,3.1,102.6,13.73,519
2022-01-13,DCSW1,1.75,3.6,78.9,10.35,523
2022-01-13,DCSW1,2,3.7,69.5,9.11,527
2022-01-27,DCSW1,0,1.8,76.3,10.3,492.4
2022-01-27,DCSW1,0.25,2.2,61.2,8.21,493
2022-01-27,DCSW1,0.5,2.6,55.8,7.47,491.9
2022-01-27,DCSW1,0.75,2.8,54.2,7.27,495.5
2022-01-27,DCSW1,1,3.1,53,7.04,496
2022-01-27,DCSW1,1.25,3.3,51.2,6.68,501
2022-01-27,DCSW1,1.5,3.6,47.3,6.21,510
2022-01-27,DCSW1,1.75,3.7,42.6,5.58,516
2022-02-09,DCSW1,0,1.9,15.6,2.14,608
2022-02-09,DCSW1,0.25,1.8,13.1,1.81,611
2022-02-09,DCSW1,0.5,1.7,11.9,1.65,613
2022-02-09,DCSW1,0.75,2.7,11.2,1.51,606
2022-02-09,DCSW1,1,3.3,11.2,1.49,608
2022-02-09,DCSW1,1.25,3.4,11.1,1.48,612
2022-02-09,DCSW1,1.5,3.5,10.6,1.4,614
2022-02-09,DCSW1,1.75,3.5,9.8,1.29,616
2021-06-09,DCSW2,0,27.3,201.6,16.09,557
2021-06-09,DCSW2,0.25,25.7,183.3,14.88,557
2021-06-09,DCSW2,0.5,24.1,126.5,10.63,574
2021-06-09,DCSW2,0.75,21.3,149.6,13.2,627
2021-06-09,DCSW2,1,18,95.1,8.96,642
2021-06-09,DCSW2,1.25,15.6,22.1,2.17,695
2021-06-09,DCSW2,1.5,14.3,11.5,1.15,775
2021-06-21,DCSW2,0,22.3,20.3,1.76,376.2
2021-06-21,DCSW2,0.25,22.4,19.5,1.69,376.2
2021-06-21,DCSW2,0.5,22.2,15.9,1.39,378.7
2021-06-21,DCSW2,0.75,22,10.8,0.96,378.6
2021-06-21,DCSW2,1,21.9,6.1,0.54,378.6
2021-06-21,DCSW2,1.25,21.7,1.9,0.16,380
2021-06-21,DCSW2,1.5,20.1,0.1,0.01,415.6
2021-07-01,DCSW2,0,24.6,78.1,6.5,304.4
2021-07-01,DCSW2,0.25,24.5,75.5,6.24,304.4
2021-07-01,DCSW2,0.5,23.9,17.6,1.44,292
2021-07-01,DCSW2,0.75,23.6,13.7,1.16,282
2021-07-01,DCSW2,1,23.1,3.3,2.82,325.3
2021-07-01,DCSW2,1.25,22.9,6.8,0.58,303.6
2021-07-01,DCSW2,1.5,22.4,0.5,0.04,310
2021-07-09,DCSW2,0,22.8,56.2,4.82,416.7
2021-07-09,DCSW2,0.25,22.9,98.6,8.46,416.7
2021-07-09,DCSW2,0.5,22.2,50.1,4.35,415.9
2021-07-09,DCSW2,0.75,22,22.7,1.99,412.8
2021-07-09,DCSW2,1,21.8,13,1.14,411.1
2021-07-09,DCSW2,1.25,21.8,8.6,0.75,413.1
2021-07-09,DCSW2,1.5,21.6,24.7,2.17,427.3
2021-07-09,DCSW2,1.75,21.4,2.3,0.2,446.6
2021-07-19,DCSW2,0,24.6,114.3,9.51,414.2
2021-07-19,DCSW2,0.25,24.3,126.5,10.57,414.2
2021-07-19,DCSW2,0.5,23.6,65.8,5.58,409.2
2021-07-19,DCSW2,0.75,23.4,59,5.01,410.2
2021-07-19,DCSW2,1,23.3,21,1.79,430.5
2021-07-19,DCSW2,1.25,23,25.4,2.18,434
2021-07-19,DCSW2,1.5,22.1,1.5,0.13,458
2021-07-29,DCSW2,0,24.6,35.4,2.94,406.8
2021-07-29,DCSW2,0.25,24.6,34.3,2.85,406.8
2021-07-29,DCSW2,0.5,24.6,31.5,2.62,406.7
2021-07-29,DCSW2,0.75,24.5,22.2,1.86,407.5
2021-07-29,DCSW2,1,24.4,22.8,1.9,403.2
2021-07-29,DCSW2,1.25,24.3,19.3,1.62,402.8
2021-07-29,DCSW2,1.5,24.2,18.7,1.56,402.9
2021-07-29,DCSW2,1.75,24.1,13.8,1.16,404.7
2021-08-04,DCSW2,0,24.1,97.8,8.17,481.4
2021-08-04,DCSW2,0.25,23.6,89.8,7.56,481.4
2021-08-04,DCSW2,0.5,23,85.9,7.35,465.6
2021-08-04,DCSW2,0.75,22.9,81.7,7.02,471.6
2021-08-04,DCSW2,1,22.7,45.1,3.96,475.9
2021-08-04,DCSW2,1.25,22.5,43.9,3.81,488.9
2022-01-13,DCSW2,0,1.8,108.7,15.2,566
2022-01-13,DCSW2,0.25,1.9,112.8,15.65,615
2022-01-13,DCSW2,0.5,2.2,114.7,15.73,612
2022-01-13,DCSW2,0.75,4.2,51.9,6.72,643
2022-01-13,DCSW2,1,4.2,51.9,6.81,660
2022-01-27,DCSW2,0,1.6,76.3,10.02,589
2022-01-27,DCSW2,0.25,1.4,68.7,9.63,586
2022-01-27,DCSW2,0.5,1.8,65.3,8.69,583
2022-01-27,DCSW2,0.75,2.6,51.2,6.78,592
2022-01-27,DCSW2,1,3.2,40.5,5.29,598
2022-01-27,DCSW2,1.25,3.5,37.5,4.9,600
2022-02-09,DCSW2,0,0.6,25.4,3.64,693
2022-02-09,DCSW2,0.25,0.5,25.6,3.68,697
2022-02-09,DCSW2,0.5,1,23.8,3.37,614
2022-02-09,DCSW2,0.75,2.5,14.5,1.97,696
2022-02-09,DCSW2,1,2.9,11.7,1.57,696
2021-06-09,DCSW3,0,28.7,148.7,11.5,578
2021-06-09,DCSW3,0.25,27.9,152.9,12.02,578
2021-06-09,DCSW3,0.5,25.8,186.3,15.2,581
2021-06-09,DCSW3,0.75,23.4,205.8,17.59,554
2021-06-09,DCSW3,1,21.5,172.4,15.15,550
2021-06-09,DCSW3,1.25,17.8,138.5,13.14,547
2021-06-09,DCSW3,1.5,17.4,110.1,10.53,521
2021-06-09,DCSW3,1.75,17,95.5,9.2,524
2021-06-21,DCSW3,0,22.2,22.5,1.96,400
2021-06-21,DCSW3,0.25,22.2,18.6,1.62,400
2021-06-21,DCSW3,0.5,22.2,18.5,1.61,400.2
2021-06-21,DCSW3,0.75,22.2,17.4,1.51,403.4
2021-06-21,DCSW3,1,22.2,17.6,1.53,403.1
2021-06-21,DCSW3,1.25,22.2,16.9,1.47,404.5
2021-06-21,DCSW3,1.5,22.2,16,1.38,404.3
2021-06-21,DCSW3,1.75,21.3,2,0.18,419.4
2021-06-21,DCSW3,2,19.5,1.2,0.11,565
2021-07-01,DCSW3,0,24.9,26.8,2.22,180.4
2021-07-01,DCSW3,0.25,24.9,26.1,2.16,180.4
2021-07-01,DCSW3,0.5,24.9,25.9,2.15,180.2
2021-07-01,DCSW3,0.75,24.9,24.9,2.06,179.4
2021-07-01,DCSW3,1,24.3,15.4,1.28,182.1
2021-07-01,DCSW3,1.25,23.9,1.5,0.13,186.2
2021-07-01,DCSW3,1.5,23.1,0.5,0.05,207.8
2021-07-01,DCSW3,1.75,22.1,0.9,0.08,250.3
2021-07-09,DCSW3,0,23.8,13.9,1.17,239.8
2021-07-09,DCSW3,0.25,23.8,13,1.1,239.8
2021-07-09,DCSW3,0.5,23.8,12.8,1.08,239.8
2021-07-09,DCSW3,0.75,23.5,10.7,0.92,239.4
2021-07-09,DCSW3,1,22.9,1.1,0.09,239.2
2021-07-09,DCSW3,1.25,22.8,0.7,0.06,239.5
2021-07-09,DCSW3,1.5,22.6,0.6,0.05,241.2
2021-07-09,DCSW3,1.75,22.4,0.5,0.05,243
2021-07-19,DCSW3,0,24.7,57.1,4.74,388
2021-07-19,DCSW3,0.25,24.5,55.2,4.61,388
2021-07-19,DCSW3,0.5,24.1,47.3,3.97,385.6
2021-07-19,DCSW3,0.75,24,35.2,2.96,385.3
2021-07-19,DCSW3,1,23.8,30.8,2.6,384.4
2021-07-19,DCSW3,1.25,23.7,28.8,2.461,384.8
2021-07-19,DCSW3,1.5,23.6,13.1,1.11,386.9
2021-07-19,DCSW3,1.75,22.9,3,0.26,394.5
2021-07-19,DCSW3,2,21.5,0.9,0.08,441.9
2021-07-29,DCSW3,0,25.7,73.9,6.03,86.9
2021-07-29,DCSW3,0.25,25.6,68.9,5.62,86.9
2021-07-29,DCSW3,0.5,25.5,54,4.41,86.8
2021-07-29,DCSW3,0.75,25.2,24.6,2.03,87.1
2021-07-29,DCSW3,1,24.9,3.2,0.26,8605
2021-07-29,DCSW3,1.25,24.3,1.5,0.13,91.1
2021-07-29,DCSW3,1.5,23.9,1.2,0.1,95.7
2021-08-04,DCSW3,0,24.2,55.2,4.62,419.7
2021-08-04,DCSW3,0.25,23.7,43,3.64,419.7
2021-08-04,DCSW3,0.5,23.3,37.2,3.19,419.2
2021-08-04,DCSW3,0.75,23.2,32.6,2.73,417.7
2021-08-04,DCSW3,1,23.1,19.8,1.69,419.2
2021-08-04,DCSW3,1.25,23,17.3,1.48,419.6
2021-08-04,DCSW3,1.5,23,8.9,0.78,420.6
2021-08-04,DCSW3,1.75,22.9,7.7,0.66,422.2
2021-08-04,DCSW3,2,22.8,2.4,0.2,427.9
2022-01-13,DCSW3,0,1.9,86.2,11.98,189.6
2022-01-13,DCSW3,0.25,2.25,82.2,10.97,182.7
2022-01-13,DCSW3,0.5,3.4,76.6,10.11,187.5
2022-01-13,DCSW3,0.75,3.5,74.1,9.84,190.1
2022-01-13,DCSW3,1,3.5,72.8,9.65,190
2022-01-13,DCSW3,1.25,3.5,72.7,9.64,190.2
2022-01-27,DCSW3,0,0.7,92.1,13.02,192.2
2022-01-27,DCSW3,0.25,0.8,75.9,10.43,186.4
2022-01-27,DCSW3,0.5,1.6,67.9,9.18,184.3
2022-01-27,DCSW3,0.75,2.9,58,7.73,185.4
2022-01-27,DCSW3,1,3.1,53.6,7.14,186
2022-02-09,DCSW3,0,1.4,43.6,6.07,255.1
2022-02-09,DCSW3,0.25,1.2,40.4,5.73,253.4
2022-02-09,DCSW3,0.5,1.4,41.2,5.76,252.5
2022-02-09,DCSW3,0.75,2,40.4,5.58,254.8
2022-02-09,DCSW3,1,2.5,39.6,5.35,256.6
2022-02-09,DCSW3,1.25,2.8,35.6,4.81,258.9
2021-06-07,DOBA4,0,25.8,90.9,7.39,288
2021-06-07,DOBA4,0.25,25.8,90.9,7.39,288
2021-06-07,DOBA4,0.5,25.7,91.3,7.44,288.3
2021-06-07,DOBA4,0.75,25.3,89.4,7.34,288.1
2021-06-07,DOBA4,1,24.4,83,6.94,291.4
2021-06-07,DOBA4,1.25,22.3,81.7,7.11,296.8
2021-06-07,DOBA4,1.5,18.8,3.8,0.4,303.2
2021-06-16,DOBA4,0,24,87.8,7.38,305.1
2021-06-16,DOBA4,0.25,24.1,88.3,7.41,305.1
2021-06-16,DOBA4,0.5,23.6,84.8,7.18,306
2021-06-16,DOBA4,0.75,23.3,69,5.88,302.8
2021-06-16,DOBA4,1,23,54.4,4.69,302.9
2021-06-16,DOBA4,1.25,22.9,39.3,3.39,302.9
2021-07-01,DOBA4,0,25.2,101,8.3,91.2
2021-07-01,DOBA4,0.25,25.2,100.8,8.3,91.2
2021-07-01,DOBA4,0.5,24.7,96.6,8.04,91.5
2021-07-01,DOBA4,0.75,24.2,103.3,8.68,89.9
2021-07-01,DOBA4,1,23.8,100.2,8.47,91.7
2021-07-01,DOBA4,1.25,23,27.8,2.38,100.6
2021-07-01,DOBA4,1.5,22.1,2.2,0.19,118.7
2021-07-09,DOBA4,0,24.2,111.3,9.37,95.5
2021-07-09,DOBA4,0.25,23.8,119.2,10.08,95.5
2021-07-09,DOBA4,0.5,22.2,82.1,7.17,93.8
2021-07-09,DOBA4,0.75,21.9,71.6,6.28,94.3
2021-07-09,DOBA4,1,21.7,51.4,4.51,93.8
2021-07-09,DOBA4,1.25,21.6,29.9,3.52,94
2021-07-09,DOBA4,1.5,21.4,52.5,4.64,93.5
2021-07-16,DOBA4,0,24.3,103.9,8.69,86.1
2021-07-16,DOBA4,0.25,23.9,104.5,8.81,86.1
2021-07-16,DOBA4,0.5,23.2,86.8,7.44,86.3
2021-07-16,DOBA4,0.75,22.9,63.1,5.3,85.8
2021-07-16,DOBA4,1,22.8,43.1,3.71,85.2
2021-07-16,DOBA4,1.25,22.6,25,2.16,86
2021-07-16,DOBA4,1.5,21.8,1.5,0.13,93.3
2021-07-29,DOBA4,0,25.7,73.9,6.03,86
2021-07-29,DOBA4,0.25,25.6,68.9,5.62,86.9
2021-07-29,DOBA4,0.5,25.5,54,4.41,86.8
2021-07-29,DOBA4,0.75,25.3,24.6,2.03,87.1
2021-07-29,DOBA4,1,24.9,3.2,0.26,86.5
2021-07-29,DOBA4,1.25,24.3,1.5,0.13,91.1
2021-07-29,DOBA4,1.5,23.9,1.2,0.1,95.7
2021-08-04,DOBA4,0,23.5,81.8,6.97,92.8
2021-08-04,DOBA4,0.25,22.9,83,7.13,92.8
2021-08-04,DOBA4,0.5,22.4,75.3,6.53,96.5
2021-08-04,DOBA4,0.75,22.3,59.2,5.16,95.2
2021-08-04,DOBA4,1,22.1,45.1,3.94,95
2021-08-04,DOBA4,1.25,22,6.8,0.6,95.4
2021-08-04,DOBA4,1.5,21.8,1.9,0.18,94.8
2021-08-04,DOBA4,1.73,21.3,1.4,0.13,109.5
2022-01-13,DOBA4,0,2.2,104.2,14.28,148
2022-01-13,DOBA4,0.25,2.3,100.7,13.57,149.1
2022-01-13,DOBA4,0.5,2.9,72.2,9.6,148
2022-01-13,DOBA4,0.75,3.2,53.7,7.14,148.1
2022-01-13,DOBA4,1,3.4,43.1,5.31,148
2022-01-13,DOBA4,1.25,3.5,26.5,3.35,155
2022-01-27,DOBA4,0,1.4,71.9,9.8,155.7
2022-01-27,DOBA4,0.25,1.4,60.1,8.17,150
2022-01-27,DOBA4,0.5,1.9,45.4,5.96,148.2
2022-01-27,DOBA4,0.75,2.3,33.4,4.36,148.5
2022-01-27,DOBA4,1,2.7,24.7,3.13,149.3
2022-01-27,DOBA4,1.25,3.2,11.7,1.51,149
2022-01-27,DOBA4,1.5,3.5,6.5,0.83,149.7
2022-02-09,DOBA4,0,1,55.6,7.95,204.8
2022-02-09,DOBA4,0.25,0.8,55.4,7.9,205.1
2022-02-09,DOBA4,0.5,0.9,57.9,8.44,202.9
2022-02-09,DOBA4,0.75,2,15.7,2.14,203.4
2022-02-09,DOBA4,1,2.3,10.2,1.36,215
2022-02-09,DOBA4,1.25,2.8,4.8,0.6,245.7
2022-02-09,DOBA4,1.5,3.5,3.2,0.42,296.7
2021-06-07,DOBA5,0,27.9,99,7.78,376
2021-06-07,DOBA5,0.25,27.9,99,7.75,377.3
2021-06-07,DOBA5,0.5,27.4,86.7,6.45,380.1
2021-06-07,DOBA5,0.75,25.8,27.8,2.3,380
2021-06-07,DOBA5,1,24.1,10.8,0.9,381.5
2021-06-07,DOBA5,1.25,20.8,3.7,0.33,377.6
2021-06-07,DOBA5,1.5,17.5,1.2,0.11,386.6
2021-06-07,DOBA5,1.75,17.1,0.5,0.05,386
2021-06-16,DOBA5,0,23.9,79.2,6.68,355.1
2021-06-16,DOBA5,0.25,23.9,81.6,6.84,355.1
2021-06-16,DOBA5,0.5,23.9,80.1,6.76,355.4
2021-06-16,DOBA5,0.75,23.9,89.1,7.49,355.4
2021-06-16,DOBA5,1,23.8,66.4,6.14,356
2021-06-16,DOBA5,1.25,23.8,47,3.99,356.6
2021-06-16,DOBA5,1.5,22.6,6.3,0.62,366.8
2021-06-16,DOBA5,1.75,19.3,1.4,0.12,393
2021-06-16,DOBA5,2,17.2,0.8,0.08,418.2
2021-07-01,DOBA5,0,27.2,105.3,8.37,121.07
2021-07-01,DOBA5,0.25,27.2,104.5,8.3,121.07
2021-07-01,DOBA5,0.5,26.3,104.5,8.48,121.9
2021-07-01,DOBA5,0.75,25.5,103.1,8.43,120.4
2021-07-01,DOBA5,1,24.5,101.1,8.43,121
2021-07-01,DOBA5,1.25,24,50.7,4.27,120.1
2021-07-01,DOBA5,1.5,23.2,3.4,0.29,129.8
2021-07-01,DOBA5,1.75,22.4,0.9,0.08,151.6
2021-07-01,DOBA5,2,19.5,0.4,0.03,240
2021-07-08,DOBA5,0,24,56.8,4.78,130.6
2021-07-08,DOBA5,0.25,24.1,53.4,4.46,130.6
2021-07-08,DOBA5,0.5,24,51.2,4.3,130.9
2021-07-08,DOBA5,0.75,24,43.8,3.69,131.1
2021-07-08,DOBA5,1,23.9,59.5,5.01,128.3
2021-07-08,DOBA5,1.25,23.9,55.8,4.7,128.5
2021-07-08,DOBA5,1.5,23.9,37.7,3.18,130.5
2021-07-08,DOBA5,1.75,23.8,26.4,2.23,134.4
2021-07-16,DOBA5,0,25.8,140.2,11.42,122
2021-07-16,DOBA5,0.25,25.8,142.9,11.64,122
2021-07-16,DOBA5,0.5,24.2,118.4,9.93,120
2021-07-16,DOBA5,0.75,23.6,82.6,7,117.2
2021-07-16,DOBA5,1,23.3,47.5,4.05,118.1
2021-07-16,DOBA5,1.25,23.1,12.8,1.07,120.8
2021-07-16,DOBA5,1.5,22.9,3.2,0.27,127
2021-07-16,DOBA5,1.75,22.6,1,0.09,141.5
2021-07-16,DOBA5,2,22.5,0.8,0.08,150.6
2021-07-29,DOBA5,0,27.8,131.2,10.44,67.3
2021-07-29,DOBA5,0.25,26.9,134.1,10.7,67.3
2021-07-29,DOBA5,0.5,26.2,112.2,9.09,125.6
2021-07-29,DOBA5,0.75,25.9,77.8,6.29,119.5
2021-07-29,DOBA5,1,25.4,33.2,2.71,116.4
2021-07-29,DOBA5,1.25,24.9,24,1.99,117.5
2021-07-29,DOBA5,1.5,24.5,15.2,1.27,121.4
2021-07-29,DOBA5,1.75,23.7,2.2,0.18,137.6
2021-08-04,DOBA5,0,23.8,131.4,11.06,122.4
2021-08-04,DOBA5,0.25,23.8,127.2,10.75,122.4
2021-08-04,DOBA5,0.5,23.4,107.2,9.12,122.4
2021-08-04,DOBA5,0.75,23.4,105.3,8.97,122.3
2021-08-04,DOBA5,1,23.1,45.6,3.9,121.8
2021-08-04,DOBA5,1.25,22.9,22,1.88,124.3
2021-08-04,DOBA5,1.5,22.8,8.7,0.75,128.5
2021-08-04,DOBA5,1.75,22.6,1.8,0.15,138.6
2021-08-04,DOBA5,2,21.6,1.3,0.12,190.4
2022-01-13,DOBA5,0,3.3,54.2,7.18,162.6
2022-01-13,DOBA5,0.25,3.5,47.2,6.24,162.3
2022-01-13,DOBA5,0.5,3.6,43.2,5.71,161.9
2022-01-13,DOBA5,0.75,3.5,40,5.29,162.2
2022-01-13,DOBA5,1,3.7,16.6,2.21,161.7
2022-01-13,DOBA5,1.25,3.7,10.3,1.34,161.7
2022-01-13,DOBA5,1.5,3.9,5.5,0.71,176.3
2022-01-13,DOBA5,1.75,3.9,3.9,0.5,177.8
2022-01-13,DOBA5,2,4,4.1,0.54,177.5
2022-01-27,DOBA5,0,2,5.4,0.73,165.3
2022-01-27,DOBA5,0.25,1.7,3.7,0.51,161.4
2022-01-27,DOBA5,0.5,2.6,2.8,0.38,159.2
2022-01-27,DOBA5,0.75,3.2,2.1,0.28,160.3
2022-01-27,DOBA5,1,3.4,1.3,0.17,162
2022-01-27,DOBA5,1.25,3.5,1,0.14,162.4
2022-01-27,DOBA5,1.5,3.6,0.8,0.11,163.1
2022-01-27,DOBA5,1.75,3.8,0.8,0.1,170.9
2022-01-27,DOBA5,2,4.6,0.6,0.08,508
2022-02-09,DOBA5,0,1.3,18.3,2.58,201.9
2022-02-09,DOBA5,0.25,1,19.7,2.82,201.5
2022-02-09,DOBA5,0.5,1.8,13,2,200.9
2022-02-09,DOBA5,0.75,2.4,9.5,1.24,197.8
2022-02-09,DOBA5,1,2.9,3.8,0.43,198.1
2022-02-09,DOBA5,1.25,3.2,2.7,0.36,200.2
2022-02-09,DOBA5,1.5,3.5,2.1,0.28,202.5
2022-02-09,DOBA5,1.75,3.8,1.9,0.24,209.1
2022-02-09,DOBA5,2,4.2,1.7,0.22,253.9
2021-06-02,DOBA7,0,25.9,131.5,10.77,563
2021-06-02,DOBA7,0.25,22.9,136.3,11.47,563
2021-06-02,DOBA7,0.5,19.8,119.1,10.81,554
2021-06-02,DOBA7,0.75,17.4,91.1,8.66,545
2021-06-02,DOBA7,1,25.5,133.8,10.97,547
2021-06-02,DOBA7,1.25,15.6,44.8,4.49,544
2021-06-02,DOBA7,1.5,13.5,5.2,0.53,538
2021-06-14,DOBA7,0,25,79,6.52,625
2021-06-14,DOBA7,0.25,25,78.1,6.44,625
2021-06-14,DOBA7,0.5,25,74.7,6.16,625
2021-06-14,DOBA7,0.75,24.9,70.1,5.79,625
2021-06-14,DOBA7,1,24.8,59.8,4.88,628
2021-06-14,DOBA7,1.25,24.4,25.2,2.09,629
2021-06-29,DOBA7,0,24,59.4,5,195.5
2021-06-29,DOBA7,0.25,24.1,59.5,5,195.5
2021-06-29,DOBA7,0.5,24,58,4.88,195.2
2021-06-29,DOBA7,0.75,24,55,4.63,194.7
2021-06-29,DOBA7,1,24,54.5,4.59,192
2021-06-29,DOBA7,1.25,24,53.4,4.5,190.6
2021-06-29,DOBA7,1.5,24,54,4.55,191.3
2021-06-29,DOBA7,1.75,24,53.8,4.53,190.4
2021-06-29,DOBA7,2,23.9,50.5,4.26,182.2
2021-07-07,DOBA7,0,26,58.8,4.7,215.9
2021-07-07,DOBA7,0.25,27,58,4.62,215.9
2021-07-07,DOBA7,0.5,27,58.6,4.66,215.9
2021-07-07,DOBA7,0.75,26.9,40.4,3.22,216.7
2021-07-07,DOBA7,1,26.8,27.4,2.18,218.5
2021-07-07,DOBA7,1.25,26.8,19.7,1.58,218.9
2021-07-07,DOBA7,1.5,26.5,3.3,0.26,220.6
2021-07-12,DOBA7,0,24,104.8,8.83,230
2021-07-12,DOBA7,0.25,24,105.2,8.85,230
2021-07-12,DOBA7,0.5,23.9,104.2,8.75,230
2021-07-12,DOBA7,0.75,23.4,68.2,5.82,232.8
2021-07-12,DOBA7,1,22.8,50,4.3,228.1
2021-07-12,DOBA7,1.25,22.7,36.1,3.11,230
2021-07-12,DOBA7,1.5,22.6,13,1.11,234.4
2021-07-12,DOBA7,1.75,22.4,1.1,0.1,246.3
2021-07-27,DOBA7,0,24.9,57.1,4.71,215.7
2021-07-27,DOBA7,0.25,25,57,4.7,215.7
2021-07-27,DOBA7,0.5,25.1,55.55,4.57,215.9
2021-07-27,DOBA7,0.75,25.1,55.3,4.55,216.1
2021-07-27,DOBA7,1,25.1,54.1,4.45,216.3
2021-07-27,DOBA7,1.25,25.1,53.7,4.43,216.2
2021-07-27,DOBA7,1.5,25.1,50,4.13,216.4
2021-08-03,DOBA7,0,23.9,101.4,8.55,208.1
2021-08-03,DOBA7,0.25,24,102.6,8.64,208.1
2021-08-03,DOBA7,0.5,23.8,100,8.42,211.3
2021-08-03,DOBA7,0.75,23.6,91.3,7.74,212
2021-08-03,DOBA7,1,23,70.2,6.01,208.8
2021-08-03,DOBA7,1.25,22.9,60.8,5.22,207.8
2022-01-14,DOBA7,0,1.1,119.9,16.91,942
2022-01-14,DOBA7,0.25,1.7,123.9,17.13,863
2022-01-14,DOBA7,0.5,2.3,128.9,17.5,865
2022-01-14,DOBA7,0.75,3.2,120,15.49,1278
2022-01-14,DOBA7,1,3.9,87,11.29,1413
2022-01-14,DOBA7,1.25,4,74,9.01,1888
2022-01-14,DOBA7,1.5,4.2,47,5.9,2238
2022-01-14,DOBA7,1.75,4.5,30.1,3.14,2750
2022-01-31,DOBA7,0,0.6,76,10.87,1152
2022-01-31,DOBA7,0.25,0.6,82.5,11.84,1136
2022-01-31,DOBA7,0.5,0.6,85.6,12.26,1095
2022-01-31,DOBA7,0.75,2,66.4,8.94,1233
2022-01-31,DOBA7,1,3.3,38.3,4.93,1530
2022-01-31,DOBA7,1.25,4.2,8.6,1.01,1779
2022-01-31,DOBA7,1.5,5.3,3.5,0.43,2238
2022-02-11,DOBA7,0,0.5,53.8,7.59,1610
2022-02-11,DOBA7,0.25,0.7,51.3,7.31,1504
2022-02-11,DOBA7,0.5,2.3,35,4.01,1914
2022-02-11,DOBA7,0.75,3.6,12.2,1.29,2218
2022-02-11,DOBA7,1,4.3,6.1,0.86,2976
2022-02-11,DOBA7,1.25,4.3,8.8,1.15,3518
2022-02-11,DOBA7,1.5,4.2,8.9,1.15,4044
2021-06-10,DOBA8,0,28.8,58.8,4.57,271.1
2021-06-10,DOBA8,0.25,28.6,58.6,4.54,271.1
2021-06-10,DOBA8,0.5,28.1,59.9,4.68,270.6
2021-06-10,DOBA8,0.75,27.6,51,4.02,271.1
2021-06-10,DOBA8,1,26.8,38.5,3.08,272.9
2021-06-10,DOBA8,1.25,24.6,25.8,2.2,268.7
2021-06-10,DOBA8,1.5,22.9,15.8,1.35,259.1
2021-06-10,DOBA8,1.75,18.5,4.7,0.44,265.3
2021-06-17,DOBA8,0,25.3,70,5.74,275.9
2021-06-17,DOBA8,0.25,25.3,69.1,5.68,275.9
2021-06-17,DOBA8,0.5,25.2,68.1,5.61,276.3
2021-06-17,DOBA8,0.75,25,66.8,5.52,275.9
2021-06-17,DOBA8,1,24.9,60.2,4.99,275.4
2021-06-17,DOBA8,1.25,24.8,64,5.3,275.1
2021-06-17,DOBA8,1.5,24.5,40.1,3.34,275
2021-06-17,DOBA8,1.75,23.2,2.5,0.22,282
2021-06-30,DOBA8,0,25.6,102.8,8.42,109
2021-06-30,DOBA8,0.25,25.1,95.6,7.88,109
2021-06-30,DOBA8,0.5,24.5,111,9.24,107.6
2021-06-30,DOBA8,0.75,24.3,110,9.24,111
2021-06-30,DOBA8,1,23.7,10,0.84,101.4
2021-06-30,DOBA8,1.25,23.5,2.4,0.2,99.1
2021-06-30,DOBA8,1.5,23.1,1.3,0.11,104.7
2021-06-30,DOBA8,1.75,22.3,1,0.09,120
2021-06-30,DOBA8,2,20.8,0.8,0.07,161.8
2021-07-08,DOBA8,0,24.4,18.4,1.54,103.5
2021-07-08,DOBA8,0.25,24.5,17.5,1.46,103.5
2021-07-08,DOBA8,0.5,24.5,15.8,1.32,103.6
2021-07-08,DOBA8,0.75,24.5,12.5,1.04,103.5
2021-07-08,DOBA8,1,24.5,8.1,0.68,103.8
2021-07-08,DOBA8,1.25,24.5,7.8,0.65,103.8
2021-07-08,DOBA8,1.5,24.4,7.3,0.61,103.9
2021-07-08,DOBA8,1.75,24.4,2.2,0.18,104.7
2021-07-08,DOBA8,2,24.2,0.3,0.03,105.6
2021-07-20,DOBA8,0,25.7,69.5,5.67,101.2
2021-07-20,DOBA8,0.25,25.7,69.5,5.68,101.2
2021-07-20,DOBA8,0.5,25.6,65.6,3.35,101.2
2021-07-20,DOBA8,0.75,25.3,48.4,3.99,101.7
2021-07-20,DOBA8,1,25.1,17.5,1.46,103.1
2021-07-20,DOBA8,1.25,24.5,1.7,0.14,103.9
2021-07-20,DOBA8,1.5,23.8,1.1,0.09,104.5
2021-07-20,DOBA8,1.75,22.9,0.9,0.07,108.5
2021-07-20,DOBA8,2,21.2,0.7,0.06,130.4
2021-07-26,DOBA8,0,26.6,80.2,6.4,106.7
2021-07-26,DOBA8,0.25,26.7,78.6,6.3,106.7
2021-07-26,DOBA8,0.5,26.7,78.1,6.25,106.5
2021-07-26,DOBA8,0.75,26.6,73.1,5.87,106.6
2021-07-26,DOBA8,1,26.3,61.8,4.98,106.9
2021-07-26,DOBA8,1.25,26.1,41.5,3.35,107.8
2021-07-26,DOBA8,1.5,25,2.7,0.22,109.9
2021-07-26,DOBA8,1.75,23.7,1.9,0.16,118.9
2021-08-05,DOBA8,0,25.1,111.4,9.19,95
2021-08-05,DOBA8,0.25,25.1,111.4,9.18,95
2021-08-05,DOBA8,0.5,25,113.3,9.34,95.5
2021-08-05,DOBA8,0.75,24.8,106,8.78,96.2
2021-08-05,DOBA8,1,24.5,93.7,7.81,96.4
2021-08-05,DOBA8,1.25,24.3,78.7,6.59,94.2
2021-08-05,DOBA8,1.5,24,44.7,3.77,94.7
2021-08-05,DOBA8,1.75,23.4,5.6,0.47,94.4
2021-08-05,DOBA8,2,22.4,1.9,0.16,112.5
2022-01-14,DOBA8,0,2.5,63.4,8.31,254.5
2022-01-14,DOBA8,0.25,3.3,54.1,6.97,249.1
2022-01-14,DOBA8,0.5,3.8,42,5.31,267.4
2022-01-14,DOBA8,0.75,4.4,27.3,3.3,271
2022-01-14,DOBA8,1,5.2,17,1.9,320
2022-01-14,DOBA8,1.25,5.7,9.7,1.15,377.4
2022-01-14,DOBA8,1.5,5.7,7.1,0.86,381.1
2022-01-14,DOBA8,1.75,5.8,5.6,0.68,383.9
2022-01-14,DOBA8,2,5.8,4.1,0.51,399.6
2022-01-30,DOBA8,0,2.4,6.4,0.83,272.1
2022-01-30,DOBA8,0.25,2.7,2.7,0.37,262.2
2022-01-30,DOBA8,0.5,2.6,1.7,0.22,262
2022-01-30,DOBA8,0.75,3.7,1.2,0.15,266.1
2022-01-30,DOBA8,1,4.1,1,0.13,279.3
2022-01-30,DOBA8,1.25,4.7,0.9,0.11,324.9
2022-01-30,DOBA8,1.5,4.8,0.7,0.09,326.2
2022-01-30,DOBA8,1.75,4.8,0.6,0.07,326.5
2022-02-10,DOBA8,0,1.5,19.6,2.63,327.4
2022-02-10,DOBA8,0.25,1.3,11.2,1.49,326
2022-02-10,DOBA8,0.5,1.9,6.6,0.85,325.1
2022-02-10,DOBA8,0.75,2.8,4.6,0.6,322.8
2022-02-10,DOBA8,1,3.1,3.7,0.48,337.1
2022-02-10,DOBA8,1.25,3.8,3.1,0.4,361.7
2022-02-10,DOBA8,1.5,4.3,2.8,0.35,374.9
2022-02-10,DOBA8,1.75,4.7,2.4,0.3,377.6
2021-06-08,ELV,0,27.1,106.3,8.43,567
2021-06-08,ELV,0.25,26.6,105.2,8.39,567
2021-06-08,ELV,0.5,25.9,100.1,8.12,567
2021-06-08,ELV,0.75,25.5,98.2,8.03,566
2021-06-08,ELV,1,24.9,95.6,7.91,563
2021-06-08,ELV,1.25,23.8,100.7,8.49,564
2021-06-08,ELV,1.5,22.4,90.5,7.86,560
2021-06-08,ELV,1.75,21.1,61.6,5.56,562
2021-06-08,ELV,2,18,23.1,2.18,571
2021-06-08,ELV,2.25,18.1,10,0.93,554
2021-06-08,ELV,2.5,15.6,1.4,0.14,566
2021-06-08,ELV,2.75,14.6,0.7,0.07,569
2021-06-17,ELV,0,24.6,100.8,8.38,575
2021-06-17,ELV,0.25,24.7,100.5,8.33,575
2021-06-17,ELV,0.5,24.6,101.7,8.45,574
2021-06-17,ELV,0.75,24.6,102.3,8.5,572
2021-06-17,ELV,1,24.5,97.2,8.08,572
2021-06-17,ELV,1.25,24.5,91.5,7.62,573
2021-06-17,ELV,1.5,24.5,91.9,7.67,574
2021-06-17,ELV,1.75,24.4,79.6,6.63,574
2021-06-17,ELV,2,23.9,6.3,0.53,575
2021-06-17,ELV,2.25,22.9,1.9,0.16,579
2021-06-17,ELV,2.5,19.1,0.9,0.08,611
2021-06-30,ELV,0,25.9,56.5,4.59,258
2021-06-30,ELV,0.25,25.9,56.9,4.63,258
2021-06-30,ELV,0.5,24,43.8,3.68,256.3
2021-06-30,ELV,0.75,23.5,33.4,2.84,258
2021-06-30,ELV,1,23.3,15.3,1.3,256.2
2021-06-30,ELV,1.25,23.3,8.8,0.75,258.2
2021-06-30,ELV,1.5,23,1.3,0.11,259.6
2021-06-30,ELV,1.75,22.9,0.8,0.07,262.6
2021-06-30,ELV,2,22.7,0.7,0.06,265.5
2021-06-30,ELV,2.25,22.6,0.5,0.04,268.5
2021-06-30,ELV,2.5,22.3,0.4,0.03,281.8
2021-06-30,ELV,2.75,21.6,0.3,0.03,203.4
2021-07-08,ELV,0,23.4,15.3,1.28,254.1
2021-07-08,ELV,0.25,23.5,13.7,1.16,254.1
2021-07-08,ELV,0.5,23.6,13.7,1.16,254.3
2021-07-08,ELV,0.75,23.6,12.8,1.09,254.5
2021-07-08,ELV,1,23.6,12.4,1.06,254.5
2021-07-08,ELV,1.25,23.6,12.1,1.03,254.1
2021-07-08,ELV,1.5,23.6,11.5,0.97,254.1
2021-07-08,ELV,1.75,23.6,9.6,0.81,253.9
2021-07-08,ELV,2,23.2,1.6,0.14,256.2
2021-07-08,ELV,2.25,23,0.7,0.06,263.2
2021-07-08,ELV,2.5,22.4,0.4,0.03,265.3
2021-07-08,ELV,2.75,20.8,0.3,0.02,339.7
2021-07-08,ELV,3,20.1,0.2,0.02,376
2021-07-20,ELV,0,25.7,97.7,7.97,222.5
2021-07-20,ELV,0.25,25.7,98.3,8.01,222.5
2021-07-20,ELV,0.5,25.7,98.2,8.01,222.1
2021-07-20,ELV,0.75,25.2,91.8,7.55,223.5
2021-07-20,ELV,1,25,87.8,7.25,221.9
2021-07-20,ELV,1.25,24.5,69.7,5.8,221.9
2021-07-20,ELV,1.5,24.2,42.4,3.56,221.1
2021-07-20,ELV,1.75,23.8,19.4,1.64,222
2021-07-20,ELV,2,23.4,1.6,0.14,223.7
2021-07-20,ELV,2.25,22.6,0.9,0.08,230.3
2021-07-20,ELV,2.5,22.1,0.6,0.06,243.3
2021-07-20,ELV,2.75,21.4,0.5,0.04,257.5
2021-07-20,ELV,3,20.6,0.4,0.04,495
2021-07-26,ELV,0,26.5,88.9,7.14,225.9
2021-07-26,ELV,0.25,26.5,91.5,7.34,225.9
2021-07-26,ELV,0.5,26.3,91.7,7.39,226.5
2021-07-26,ELV,0.75,26.3,90.9,7.32,226
2021-07-26,ELV,1,25.9,65.1,5.3,226
2021-07-26,ELV,1.25,25.8,50.5,4.14,225.2
2021-07-26,ELV,1.5,25.5,38.1,3.11,225.4
2021-07-26,ELV,1.75,25.2,14,1.15,226
2021-07-26,ELV,2,24.6,1.6,0.13,228.1
2021-07-26,ELV,2.25,23.5,1.3,0.1,238.1
2021-07-26,ELV,2.5,22.6,0.9,0.08,254.6
2021-07-26,ELV,2.75,21.5,0.7,0.06,273.4
2021-07-26,ELV,3,20.7,0.6,0.05,300
2021-08-03,ELV,0,24.1,62.1,5.2,211.4
2021-08-03,ELV,0.25,24.2,63.7,5.34,211.4
2021-08-03,ELV,0.5,24.2,63.8,5.35,211.5
2021-08-03,ELV,0.75,24.1,61.7,5.18,211.4
2021-08-03,ELV,1,23.6,41.6,3.52,213.3
2021-08-03,ELV,1.25,23.5,37.5,3.19,210.7
2021-08-03,ELV,1.5,23.3,37.8,3.24,211.1
2021-08-03,ELV,1.75,23.2,37.5,3.2,211.4
2021-08-03,ELV,2,23.2,28.7,2.45,210.2
2021-08-03,ELV,2.25,23.1,27,2.3,210.3
2021-08-03,ELV,2.5,23,20.1,1.73,212.4
2021-08-03,ELV,2.75,23,8.2,0.7,214.4
2021-08-03,ELV,3,22.8,3,0.26,230
2021-08-03,ELV,3.25,22.3,0.8,0.07,240.7
2022-01-14,ELV,0,0.4,99,14.1,168
2022-01-14,ELV,0.25,1.7,90,12.13,196.4
2022-01-14,ELV,0.5,2.7,89.3,11.43,199.7
2022-01-14,ELV,0.75,3.1,76.3,10.06,199.7
2022-01-14,ELV,1,3.4,64.4,8.33,199.4
2022-01-14,ELV,1.25,3.6,56,7.24,199.4
2022-01-14,ELV,1.5,3.7,51.2,6.69,199.6
2022-01-14,ELV,1.75,3.7,47.9,6.27,199.9
2022-01-14,ELV,2,3.7,46.2,6.06,199.9
2022-01-14,ELV,2.25,3.8,44.8,5.86,201
2022-01-14,ELV,2.5,3.8,42.1,5.5,201.4
2022-01-14,ELV,2.75,3.8,40.7,5.32,202.4
2022-01-14,ELV,3,3.9,39.6,5.19,202.2
2022-01-30,ELV,0,0.5,65.2,9.1,186.5
2022-01-30,ELV,0.25,0.9,80.1,11.47,186
2022-01-30,ELV,0.5,1.4,63,8.83,185.7
2022-01-30,ELV,0.75,2.2,59,8.06,182.1
2022-01-30,ELV,1,2.8,45.6,6.09,182.7
2022-01-30,ELV,1.25,3.1,39.6,5.28,183
2022-01-30,ELV,1.5,3.3,36.5,4.73,184
2022-01-30,ELV,1.75,3.6,31,4.1,184.6
2022-01-30,ELV,2,3.7,27.1,3.57,185.1
2022-01-30,ELV,2.25,3.7,26.5,3.48,185.6
2022-01-30,ELV,2.5,3.8,24.6,3.23,185.8
2022-01-30,ELV,2.75,3.8,23.1,2.96,186.1
2022-01-30,ELV,3,3.9,21.3,2.79,186.3
2022-02-10,ELV,0,0.4,103.3,14.89,219.8
2022-02-10,ELV,0.25,0.5,103.6,14.92,218.8
2022-02-10,ELV,0.5,0.6,105.6,15.06,218
2022-02-10,ELV,0.75,1.3,107.7,14.76,218.6
2022-02-10,ELV,1,1.8,102,14.12,218.1
2022-02-10,ELV,1.25,2.2,93,12.47,218.9
2022-02-10,ELV,1.5,2.9,61.2,8.05,219.5
2022-02-10,ELV,1.75,3.2,37.9,5.05,220
2022-02-10,ELV,2,3.2,36.2,4.83,220.1
2022-02-10,ELV,2.25,3.3,33.4,4.39,220.3
2022-02-10,ELV,2.5,3.3,31.2,4.14,220.3
2022-02-10,ELV,2.75,3.4,27.9,3.68,220.9
2021-06-10,HP-UW,0,27.1,161.8,12.08,1537
2021-06-10,HP-UW,0.25,26.7,157.8,12.59,1537
2021-06-10,HP-UW,0.5,25.5,185.1,15.1,1530
2021-06-10,HP-UW,0.75,24.3,170.7,14.12,1577
2021-06-10,HP-UW,1,23.7,151.1,12.75,1627
2021-06-10,HP-UW,1.25,22.5,103.3,8.93,1644
2021-06-10,HP-UW,1.5,21.5,27.1,2.42,1639
2021-06-10,HP-UW,1.75,21,10.3,0.9,1611
2021-06-18,HP-UW,0,23.4,89.5,7.65,386.1
2021-06-18,HP-UW,0.25,23.2,90.4,7.71,386.1
2021-06-18,HP-UW,0.5,23.1,87.4,7.48,397.2
2021-06-18,HP-UW,0.75,22.2,81,6.99,455.6
2021-06-18,HP-UW,1,22.2,79.4,6.9,538
2021-06-18,HP-UW,1.25,22.2,70.5,6.12,725
2021-06-18,HP-UW,1.5,22.3,38.1,3.3,1122
2021-06-18,HP-UW,1.75,22.2,17.1,1.49,1420
2021-06-29,HP-UW,0,23.2,71.7,6.13,445.2
2021-06-29,HP-UW,0.25,23.2,70.8,6.05,445.2
2021-06-29,HP-UW,0.5,22.1,65.7,5.73,399.8
2021-06-29,HP-UW,0.75,21.7,62.9,5.53,373.2
2021-06-29,HP-UW,1,21.9,67.4,5.89,967
2021-06-29,HP-UW,1.25,21.8,67.7,5.93,1154
2021-06-29,HP-UW,1.5,21.6,52.5,3.49,1308
2021-06-29,HP-UW,1.75,21.3,46,4.04,1392
2021-07-07,HP-UW,0,25.2,96.7,7.96,999
2021-07-07,HP-UW,0.25,25.2,94.9,7.73,999
2021-07-07,HP-UW,0.5,25.3,94.9,7.78,1000
2021-07-07,HP-UW,0.75,25.2,98.4,8.11,997
2021-07-07,HP-UW,1,25,85,7.15,1115
2021-07-07,HP-UW,1.25,23.5,93,7.9,1190
2021-07-07,HP-UW,1.5,23.3,119.6,10.16,1312
2021-07-21,HP-UW,0,24.2,138.8,11.64,1168
2021-07-21,HP-UW,0.25,24.2,138.6,11.59,1168
2021-07-21,HP-UW,0.5,24.2,137.7,11.52,1166
2021-07-21,HP-UW,0.75,24.2,136.6,11.42,1168
2021-07-21,HP-UW,1,23.8,137.1,11.55,1279
2021-07-21,HP-UW,1.25,23.4,129.4,10.98,1376
2021-07-21,HP-UW,1.5,23,113.1,9.65,1461
2021-07-21,HP-UW,1.75,22.8,90.1,7.75,1482
2021-07-21,HP-UW,2,22.6,65.9,5.68,1481
2021-07-26,HP-UW,0,25.8,115.6,9.42,1276
2021-07-26,HP-UW,0.25,25.6,114.3,9.31,1276
2021-07-26,HP-UW,0.5,24.9,114.2,9.41,1257
2021-07-26,HP-UW,0.75,24.6,130.2,10.73,1267
2021-07-26,HP-UW,1,24.1,138.6,11.57,1340
2021-07-26,HP-UW,1.25,23.7,112.6,9.43,1428
2021-07-26,HP-UW,1.5,23.4,60.6,5.15,1465
2021-07-26,HP-UW,1.75,23.1,22.6,1.98,1476
2021-08-05,HP-UW,0,24.1,116.9,9.81,1244
2021-08-05,HP-UW,0.25,24.1,118.8,9.95,1244
2021-08-05,HP-UW,0.5,24,122.6,10.29,1249
2021-08-05,HP-UW,0.75,23.5,126.3,10.66,1280
2021-08-05,HP-UW,1,23.3,118.4,10.6,1284
2021-08-05,HP-UW,1.25,23.1,113,9.64,1323
2021-08-05,HP-UW,1.5,22.9,106.2,9.09,1461
2021-08-05,HP-UW,1.75,22.6,92.3,7.94,1522
2021-08-05,HP-UW,2,22.4,92.6,8.02,1528
2022-01-12,HP-UW,0,3.4,98.7,13.04,1868
2022-01-12,HP-UW,0.25,3.6,99.6,13.15,1915
2022-01-12,HP-UW,0.5,3.7,100.7,13.21,1915
2022-01-12,HP-UW,0.75,3.8,101.5,13.31,1921
2022-01-12,HP-UW,1,3.8,101.8,13.27,1929
2022-01-12,HP-UW,1.25,4,101,13.16,1930
2022-01-31,HP-UW,0,2.5,108.2,14.66,1476
2022-01-31,HP-UW,0.25,2.1,109.7,15.1,1606
2022-01-31,HP-UW,0.5,2.8,111.8,15.03,1558
2022-01-31,HP-UW,0.75,3.7,112.8,14.78,1578
2022-01-31,HP-UW,1,3.9,112.4,14.67,1600
2022-01-31,HP-UW,1.25,4.2,111.6,14.46,1613
2022-01-31,HP-UW,1.5,4.3,110.2,14.26,1616
2022-02-09,HP-UW,0,2.7,125.9,16.81,1836
2022-02-09,HP-UW,0.25,2.5,122.7,16.52,1823
2022-02-09,HP-UW,0.5,3.9,140.5,18.36,1861
2022-02-09,HP-UW,0.75,4.2,147.2,19.05,1881
2022-02-09,HP-UW,1,4.3,146.7,18.93,1884
2022-02-09,HP-UW,1.25,4.5,143.7,18.64,1886
2021-06-11,KP,0,23.8,9.2,0.78,178.3
2021-06-11,KP,0.25,23.5,2.6,0.21,178.3
2021-06-11,KP,0.5,20,0.9,0.08,204.5
2021-06-11,KP,0.75,17.3,0.6,0.06,253.6
2021-06-22,KP,0,20.9,26.2,2.34,178.4
2021-06-22,KP,0.25,18.8,19.4,1.81,178.4
2021-06-22,KP,0.5,18.2,14.8,1.4,174.7
2021-06-22,KP,0.75,17.9,12.3,1.17,175
2021-06-22,KP,1,18,0.6,0.06,196.5
2021-07-02,KP,0,21.7,33.4,2.9,171.4
2021-07-02,KP,0.25,21.4,30.3,2.67,171.4
2021-07-02,KP,0.5,21.2,11.8,1.05,170.7
2021-07-02,KP,0.75,20.1,1.2,0.11,189.6
2021-07-02,KP,1,18.9,0.8,0.08,267.5
2021-07-07,KP,0,24.5,45.7,3.82,169.7
2021-07-07,KP,0.25,24.4,29.5,2.48,169.7
2021-07-07,KP,0.5,23.6,2,0.2,174.8
2021-07-07,KP,0.75,21.1,1.1,0.1,224.8
2021-07-07,KP,1,18.6,0.9,0.08,297.5
2021-07-14,KP,0,22.9,69.3,5.99,170
2021-07-14,KP,0.25,22.8,72.6,6.24,170
2021-07-14,KP,0.5,21.4,4.9,0.42,171.8
2021-07-14,KP,0.75,20,1.3,0.12,184.4
2021-07-27,KP,0,23.1,22.5,1.92,176.1
2021-07-27,KP,0.25,23.1,19.5,1.66,176.1
2021-07-27,KP,0.5,22.8,8,0.69,178
2021-07-27,KP,0.75,21.8,1.6,0.14,182
2021-07-27,KP,1,20.6,0.9,0.08,298.9
2021-08-03,KP,0,24.2,67.7,5.68,191.7
2021-08-03,KP,0.25,20,38.8,3.45,191.7
2021-08-03,KP,0.5,18.8,20.3,1.88,182.7
2021-08-03,KP,0.75,18.3,13,1.22,183.3
2021-08-03,KP,1,18.3,2,0.18,187.9
2022-01-14,KP,0,0.3,33.6,4.67,284.2
2022-01-14,KP,0.25,0.4,28.3,3.97,277.2
2022-01-14,KP,0.5,1.1,17.4,2.35,292
2022-01-14,KP,0.75,1.8,9.7,1.27,319.5
2022-01-14,KP,1,2.2,6.7,0.89,316.2
2022-01-30,KP,0,0.2,7.2,0.92,406.3
2022-01-30,KP,0.25,0.1,1.2,0.17,404.4
2022-01-30,KP,0.5,0.3,0.6,0.08,406.1
2022-01-30,KP,0.75,1.4,0.2,0.03,408.6
2022-02-10,KP,0,0.4,37.4,4.53,581
2022-02-10,KP,0.25,0.5,11.3,1.19,575
2022-02-10,KP,0.5,0.2,5.1,0.7,574
2021-06-11,L60-UW,0,32.4,151,11.1,1295
2021-06-11,L60-UW,0.25,27.4,73.3,5.79,1295
2021-06-11,L60-UW,0.5,24.8,5.6,0.46,1248
2021-06-11,L60-UW,0.75,22,2.6,0.22,1304
2021-06-11,L60-UW,1,19.3,1.8,0.16,1372
2021-06-18,L60-UW,0,22.7,63,5.44,226.4
2021-06-18,L60-UW,0.25,22.4,46,4,226.4
2021-06-18,L60-UW,0.5,22,17.3,1.5,488
2021-06-18,L60-UW,0.75,21.5,2.8,0.24,1206
2021-06-18,L60-UW,1,20.3,2.3,0.2,1299
2021-06-18,L60-UW,1.25,19.4,0.1,0.08,1374
2021-07-02,L60-UW,0,23.1,10.8,0.94,453.4
2021-07-02,L60-UW,0.25,22.6,6.8,0.59,453.4
2021-07-02,L60-UW,0.5,21.6,3.7,0.32,499.6
2021-07-02,L60-UW,0.75,20.7,0.8,0.07,610
2021-07-02,L60-UW,1,19.1,0.7,0.06,1038
2021-07-07,L60-UW,0,24.8,28.2,1.68,392.7
2021-07-07,L60-UW,0.25,24.2,4.5,0.37,392.7
2021-07-07,L60-UW,0.5,22.3,1,0.09,490.5
2021-07-07,L60-UW,0.75,20.9,0.7,0.07,795
2021-07-07,L60-UW,1,18.8,0.6,0.06,1166
2021-07-13,L60-UW,0,23,54.1,4.64,461.7
2021-07-13,L60-UW,0.25,19.8,2.9,0.26,461.7
2021-07-13,L60-UW,0.5,18.7,2,0.18,517
2021-07-13,L60-UW,0.75,18.1,1.4,0.13,584
2021-07-13,L60-UW,1,18.1,1.2,0.11,868
2021-07-26,L60-UW,0,23.5,35.2,3.02,448.3
2021-07-26,L60-UW,0.25,21.1,5.7,0.51,448.3
2021-07-26,L60-UW,0.5,19.3,1.7,0.15,511
2021-07-26,L60-UW,0.75,18.2,1.1,0.11,646
2021-07-26,L60-UW,1,17.5,0.7,0.07,1032
2021-08-05,L60-UW,0,20.5,2.3,0.21,544
2021-08-05,L60-UW,0.25,18.9,2,0.17,544
2021-08-05,L60-UW,0.5,18,1.5,0.14,564
2021-08-05,L60-UW,0.75,17.2,1.4,0.13,609
2021-08-05,L60-UW,1,17.6,0.9,0.09,858
2022-01-13,L60-UW,0,1.4,40.5,5.7,430.6
2022-01-13,L60-UW,0.25,2.4,33.3,4.59,424.3
2022-01-13,L60-UW,0.5,3.1,23.5,3.12,427.7
2022-01-13,L60-UW,0.75,3.2,20.6,2.73,431.8
2022-01-13,L60-UW,1,3.4,11.6,1.53,430.2
2022-01-31,L60-UW,0,0.5,15.6,2.22,237.1
2022-01-31,L60-UW,0.25,0.5,11.1,1.59,457.3
2022-01-31,L60-UW,0.5,0.4,8.6,1.23,455.6
2022-02-09,L60-UW,0,0.4,37.1,5.27,629
2022-02-09,L60-UW,0.25,0.4,34.2,4.91,627
2022-02-09,L60-UW,0.5,0.6,31.8,4.53,629
2022-02-09,L60-UW,0.75,0.9,23.1,3.26,635
2021-06-03,LM-ARB,0,22.3,79.6,6.92,831
2021-06-03,LM-ARB,0.25,22.3,82.7,7.17,831
2021-06-15,LM-ARB,0,24.2,43,3.59,952
2021-06-15,LM-ARB,0.25,24.4,39.8,3.32,952
2021-06-15,LM-ARB,0.5,24.4,35.4,2.96,955
2021-06-30,LM-ARB,0,27.2,94.2,7.48,325.4
2021-06-30,LM-ARB,0.25,26.1,97.4,7.87,325.4
2021-06-30,LM-ARB,0.5,25.2,92.6,7.62,316.2
2021-06-30,LM-ARB,0.75,24.9,86.1,7.3,316.8
2021-07-08,LM-ARB,0,22,11.7,1.02,311.6
2021-07-08,LM-ARB,0.25,22,11.2,0.98,311.6
2021-07-08,LM-ARB,0.5,22,10.5,0.91,311.9
2021-07-08,LM-ARB,0.75,22,10.7,0.93,311.9
2021-07-13,LM-ARB,0,22.4,46.4,4.02,393.4
2021-07-13,LM-ARB,0.25,22.4,40.4,3.53,393.4
2021-07-13,LM-ARB,0.5,22.4,34.4,2.96,394.3
2021-07-30,LM-ARB,0,25.3,47.4,3.88,312
2021-07-30,LM-ARB,0.25,25.2,44.2,3.64,312
2021-07-30,LM-ARB,0.5,25.1,39.7,3.27,312.4
2021-07-30,LM-ARB,0.75,24.9,33.3,2.75,312
2021-08-02,LM-ARB,0,23.3,87.9,7.45,353
2021-08-02,LM-ARB,0.25,23.1,85.5,7.3,353
2021-08-02,LM-ARB,0.5,22.5,68,5.89,353.9
2021-08-02,LM-ARB,0.75,22.1,51.9,4.52,351.3
2021-08-02,LM-ARB,1,22.1,47.5,4.41,350.4
2022-01-12,LM-ARB,0,1.4,60,7.94,788
2022-01-12,LM-ARB,0.25,2.1,42,5.52,802
2022-01-12,LM-ARB,0.5,2.3,34.2,4.65,894
2022-01-31,LM-ARB,0,0.3,31.6,4.54,907
2022-01-31,LM-ARB,0.25,0.3,28.5,4.12,907
2022-01-31,LM-ARB,0.5,0.7,25.3,3.62,900
2022-02-11,LM-ARB,0,0.7,38.4,4.69,1239
2022-02-11,LM-ARB,0.25,0.5,21.2,2.91,1236
2021-06-10,MDT,0,28.1,117.1,9.15,344.9
2021-06-10,MDT,0.25,28.2,117.9,9.2,344.9
2021-06-10,MDT,0.5,28,121.6,9.5,345.7
2021-06-10,MDT,0.75,27.9,131.8,10.32,345.8
2021-06-10,MDT,1,27.8,114.8,9.01,345.7
2021-06-10,MDT,1.25,27.6,111.4,8.76,345.3
2021-06-17,MDT,0,25.5,156.5,12.82,363.9
2021-06-17,MDT,0.25,25.5,157.3,12.88,363.9
2021-06-17,MDT,0.5,25.4,159,13.04,365.8
2021-06-17,MDT,0.75,24.8,166.3,13.79,367.4
2021-06-17,MDT,1,24.5,167.4,13.94,367
2021-06-17,MDT,1.25,24.4,159.4,13.31,366.7
2021-06-30,MDT,0,25.1,108.8,8.98,135.4
2021-06-30,MDT,0.25,24.7,113.7,9.44,135.4
2021-06-30,MDT,0.5,24.3,102.4,8.57,135.3
2021-06-30,MDT,0.75,24.1,76.6,6.46,134.4
2021-06-30,MDT,1,23.5,2.8,0.23,133.6
2021-06-30,MDT,1.25,23.1,2.1,0.18,130.6
2021-06-30,MDT,1.5,22.3,0.9,0.08,163.8
2021-07-08,MDT,0,22.8,40.9,3.53,133.3
2021-07-08,MDT,0.25,22.9,40,3.43,133.3
2021-07-08,MDT,0.5,22.9,36.4,3.12,133.3
2021-07-08,MDT,0.75,23,37.2,3.17,133.4
2021-07-08,MDT,1,23,35.9,3.08,133.5
2021-07-08,MDT,1.25,22.9,24,2.06,134
2021-07-08,MDT,1.5,22.7,16.2,1.4,135.5
2021-07-20,MDT,0,25.1,79.2,6.52,126.9
2021-07-20,MDT,0.25,25.2,78.5,6.46,126.9
2021-07-20,MDT,0.5,25,73.2,6.06,127.5
2021-07-20,MDT,0.75,24.9,70.4,5.83,127.7
2021-07-20,MDT,1,24.5,39,3.25,128.5
2021-07-20,MDT,1.25,24.2,31.7,2.65,130.2
2021-07-20,MDT,1.5,23.7,2.3,0.19,130.2
2021-07-26,MDT,0,26.3,81.8,6.6,133.7
2021-07-26,MDT,0.25,26.4,81.1,6.52,133.7
2021-07-26,MDT,0.5,26.3,74.6,6.03,135.5
2021-07-26,MDT,0.75,26.1,73.3,5.92,135.4
2021-07-26,MDT,1,25.9,63,5.13,135.2
2021-07-26,MDT,1.25,25.7,60.9,4.95,138.2
2021-07-26,MDT,1.5,25.7,7.7,0.64,144.3
2021-08-05,MDT,0,25.1,93.2,7.69,108.8
2021-08-05,MDT,0.25,25.2,93.7,7.72,108.8
2021-08-05,MDT,0.5,24.8,88.7,7.39,109.8
2021-08-05,MDT,0.75,24.9,87.6,7.29,109.3
2021-08-05,MDT,1,24.4,83.1,6.95,109.2
2021-08-05,MDT,1.25,24.2,72.8,6.12,109.4
2021-08-05,MDT,1.5,23.9,44.2,3.73,110.8
2022-01-14,MDT,0,2.2,110.7,15.15,198.7
2022-01-14,MDT,0.25,3,111.1,14.93,197
2022-01-14,MDT,0.5,3.1,110.6,14.8,199.2
2022-01-14,MDT,0.75,3.2,110,14.68,199.8
2022-01-14,MDT,1,3.3,109.5,14.61,200
2022-01-14,MDT,1.25,3.3,108.8,14.44,199.4
2022-01-14,MDT,1.5,3.4,106.1,14.06,199.6
2022-01-30,MDT,0,1.1,69.2,9.72,218.9
2022-01-30,MDT,0.25,0.8,72.6,10.42,218.7
2022-01-30,MDT,0.5,1,75,10.54,216.8
2022-01-30,MDT,0.75,2.1,41.5,5.35,220.5
2022-01-30,MDT,1,3.4,22.3,2.94,226
2022-02-10,MDT,0,0,87.6,12.6,298
2022-02-10,MDT,0.25,0.2,80.3,11.57,293.6
2022-02-10,MDT,0.5,0.5,79.3,11.4,293.7
2022-02-10,MDT,0.75,0.7,73.1,9.31,294.4
2022-02-10,MDT,1,1.4,73.5,9.89,301
2021-06-11,O-N,0,31.1,202.4,15.01,677
2021-06-11,O-N,0.25,29.4,197,15.03,677
2021-06-11,O-N,0.5,28.3,140,10.98,677
2021-06-11,O-N,0.75,27.4,65.5,5.18,690
2021-06-11,O-N,1,26.1,6.1,0.49,718
2021-06-22,O-N,0,21.7,52.4,4.61,465.5
2021-06-22,O-N,0.25,21.7,51.9,4.56,465.5
2021-06-22,O-N,0.5,21.7,51.8,4.55,471.6
2021-06-22,O-N,0.75,21.7,51.3,4.51,471.7
2021-06-22,O-N,1,21.6,46.1,4.06,472.2
2021-07-01,O-N,0,24.7,79.3,6.59,487.3
2021-07-01,O-N,0.25,24.7,79.4,6.59,487.3
2021-07-01,O-N,0.5,24.7,78,6.46,487.9
2021-07-01,O-N,0.75,24.7,72.4,6.01,488.7
2021-07-01,O-N,1,24.6,69.2,5.75,489.3
2021-07-07,O-N,0,27,82.8,6.6,488.9
2021-07-07,O-N,0.25,27.1,82.8,6.59,488.9
2021-07-07,O-N,0.5,27.1,83,6.59,490
2021-07-07,O-N,0.75,27.1,80.9,6.43,489.6
2021-07-07,O-N,1,26.9,40.5,3.22,492.1
2021-07-14,O-N,0,25.3,140.5,11.55,515
2021-07-14,O-N,0.25,25,134.8,11.11,515
2021-07-14,O-N,0.5,24.1,76.2,6.4,520
2021-07-14,O-N,0.75,24,52.4,4.43,525
2021-07-14,O-N,1,23.8,23,1.94,533
2021-07-27,O-N,0,26,81.1,6.57,502
2021-07-27,O-N,0.25,26.3,81.3,6.55,502
2021-07-27,O-N,0.5,26.3,80.3,6.46,502
2021-07-27,O-N,0.75,26.4,73.6,5.93,503
2021-07-27,O-N,1,26.3,63.1,5.08,503
2021-08-03,O-N,0,27,144.3,11.51,471.1
2021-08-03,O-N,0.25,26.9,145.5,11.6,471.1
2021-08-03,O-N,0.5,26.3,120.3,9.7,480.7
2021-08-03,O-N,0.75,23.6,71.5,6.09,493.2
2021-08-03,O-N,1,23.4,47.1,4.01,474.5
2022-01-14,O-N,0,0.4,120.5,17.11,590
2022-01-14,O-N,0.25,3.1,120.5,15.76,594
2022-01-14,O-N,0.5,3.7,119.3,15.67,608
2022-01-14,O-N,0.75,3.8,119.7,15.69,609
2022-01-14,O-N,1,4,119.1,15.51,609
2022-01-30,O-N,0,2.3,140.8,19.31,597
2022-01-30,O-N,0.25,2.2,144,19.27,595
2022-01-30,O-N,0.5,2.6,149.1,20.08,583
2022-01-30,O-N,0.75,3.4,153.8,20.38,599
2022-01-30,O-N,1,3.7,155.5,20.47,599
2022-02-10,O-N,0,2.1,140.4,19.53,707
2022-02-10,O-N,0.25,2,138.3,19.01,704
2022-02-10,O-N,0.5,3.8,139.1,18.38,713
2022-02-10,O-N,0.75,3.9,137.6,18.03,717
2022-02-10,O-N,1,4,136.5,17.84,718
2021-06-11,O-S,0,29.5,127.9,9.74,672
2021-06-11,O-S,0.25,29.3,128,9.78,672
2021-06-11,O-S,0.5,28.6,86.5,6.69,672
2021-06-11,O-S,0.75,28.2,57.5,4.45,673
2021-06-11,O-S,1,27.6,26.6,2.08,683
2021-06-22,O-S,0,23.3,61.9,5.25,494.1
2021-06-22,O-S,0.25,22.8,47.8,4.11,494.1
2021-06-22,O-S,0.5,22,38.6,3.37,491.2
2021-06-22,O-S,0.75,21.5,31.8,2.8,491.2
2021-06-22,O-S,1,20.8,28.6,2.56,491.5
2021-07-01,O-S,0,24.2,52.1,4.36,463
2021-07-01,O-S,0.25,24.1,52,4.34,463
2021-07-01,O-S,0.5,24.1,50.2,4.22,463.5
2021-07-01,O-S,0.75,24.1,48.4,4.07,463.5
2021-07-01,O-S,1,23.9,34.7,2.92,463.9
2021-07-07,O-S,0,26.5,37.2,3.99,454.8
2021-07-07,O-S,0.25,26.6,36.7,2.94,454.8
2021-07-07,O-S,0.5,26.6,34,2.79,459.9
2021-07-07,O-S,0.75,26.6,29.1,2.34,460.1
2021-07-07,O-S,1,26.4,14.5,1.17,459.6
2021-07-14,O-S,0,24.2,77.6,6.51,450.4
2021-07-14,O-S,0.25,24.1,75.1,6.31,450.4
2021-07-14,O-S,0.5,23.7,62.7,5.29,450.6
2021-07-14,O-S,0.75,23.5,35,2.98,453
2021-07-14,O-S,1,23.3,24.3,2.07,459.9
2021-07-27,O-S,0,25.6,71,5.82,417
2021-07-27,O-S,0.25,25.7,71.8,5.86,417
2021-07-27,O-S,0.5,25.7,68.3,5.57,418.4
2021-07-27,O-S,0.75,25.7,54.9,4.49,419.1
2021-07-27,O-S,1,25.4,3.7,0.3,430.4
2021-08-03,O-S,0,25.6,122.5,9.93,434.8
2021-08-03,O-S,0.25,24.8,124,10.29,434.8
2021-08-03,O-S,0.5,23.3,94.1,7.83,422.3
2021-08-03,O-S,0.75,22.8,46.6,4.01,424.3
2021-08-03,O-S,1,22.7,36.4,3.13,426.5
2022-01-14,O-S,0,1.2,117.6,16.44,557
2022-01-14,O-S,0.25,1.5,115.9,16.09,543
2022-01-14,O-S,0.5,3,111.1,15.31,563
2022-01-14,O-S,0.75,3.5,111,14.68,570
2022-01-14,O-S,1,3.6,95.5,12.61,567
2022-01-14,O-S,1.25,3.7,92.4,10.09,569
2022-01-30,O-S,0,0.8,87.9,12.52,546
2022-01-30,O-S,0.25,0.6,88.6,12.76,547
2022-01-30,O-S,0.5,1.1,89.9,12.68,538
2022-01-30,O-S,0.75,2.7,76.4,9.26,548
2022-01-30,O-S,1,3.4,58.2,7.63,550
2022-02-10,O-S,0,1,98.6,13.84,676
2022-02-10,O-S,0.25,1.1,88.5,12.44,674
2022-02-10,O-S,0.5,1.5,88.1,12.07,668
2022-02-10,O-S,0.75,2.2,85.5,11.66,673
2022-02-10,O-S,1,2.7,82.3,10.98,679
2021-06-02,OPP-E,0,21.5,133,11.75,183.3
2021-06-02,OPP-E,0.25,20.1,146.2,13.25,183
2021-06-02,OPP-E,0.5,18.6,141.6,13.25,183.4
2021-06-02,OPP-E,0.75,15.8,48.6,4.8,191.2
2021-06-02,OPP-E,1,14.1,6,0.67,196.3
2021-06-14,OPP-E,0,27,139.3,11.09,194.6
2021-06-14,OPP-E,0.25,27,138.5,11.05,194.6
2021-06-14,OPP-E,0.5,26.3,115.2,9.32,195.5
2021-06-14,OPP-E,0.75,25.5,63.4,5.21,195.8
2021-06-14,OPP-E,1,25.3,24,1.97,196.9
2021-06-14,OPP-E,1.25,24.7,2.6,0.22,201.3
2021-06-29,OPP-E,0,24.3,72.8,6.09,181.8
2021-06-29,OPP-E,0.25,24.4,74.4,6.21,181.8
2021-06-29,OPP-E,0.5,24.4,69.3,8.79,183.8
2021-06-29,OPP-E,0.75,24.3,34.5,2.89,185.7
2021-06-29,OPP-E,1,24,2.3,0.19,190.8
2021-06-29,OPP-E,1.25,23.7,1.5,0.12,192.7
2021-06-29,OPP-E,1.5,22.5,1,0.08,197.9
2021-06-29,OPP-E,1.75,21.3,0.8,0.08,206.8
2021-07-07,OPP-E,0,26.3,105.6,8.51,184.3
2021-07-07,OPP-E,0.25,26.4,101.7,8.19,184.3
2021-07-07,OPP-E,0.5,26.3,54.5,4.38,185.6
2021-07-07,OPP-E,0.75,26.3,44.7,3.61,186.2
2021-07-07,OPP-E,1,26,5.9,0.49,190.4
2021-07-07,OPP-E,1.25,25.6,1.7,0.14,197.8
2021-07-07,OPP-E,1.5,24,1.2,0.1,208.4
2021-07-12,OPP-E,0,23.3,97.3,8.3,193.4
2021-07-12,OPP-E,0.25,23.3,97.8,8.34,193.4
2021-07-12,OPP-E,0.5,23.2,89.6,7.66,193.7
2021-07-12,OPP-E,0.75,22.7,44,3.78,200.2
2021-07-12,OPP-E,1,22.7,34.1,2.94,198.5
2021-07-12,OPP-E,1.25,22.5,22.9,1.93,199.8
2021-07-12,OPP-E,1.5,22.3,2,0.17,202.1
2021-07-30,OPP-E,0,25.2,78.5,6.46,212
2021-07-30,OPP-E,0.25,25.3,75.9,6.32,212
2021-07-30,OPP-E,0.5,25.3,71.7,5.89,212.5
2021-07-30,OPP-E,0.75,25.3,65.8,5.41,212.5
2021-07-30,OPP-E,1,25.2,64.5,5.31,212.6
2021-07-30,OPP-E,1.25,25.2,48.1,3.96,213
2021-07-30,OPP-E,1.5,24.9,2,0.17,215.7
2021-08-03,OPP-E,0,23.6,128.3,10.84,208.9
2021-08-03,OPP-E,0.25,23.5,133.3,11.3,208.9
2021-08-03,OPP-E,0.5,23,89.4,7.61,210.4
2021-08-03,OPP-E,0.75,22.7,60,5.2,212.7
2021-08-03,OPP-E,1,22.7,59.8,5.16,212.6
2021-08-03,OPP-E,1.25,22.7,54.4,4.69,212.4
2021-08-03,OPP-E,1.5,22.6,45.5,3.97,212
2022-01-12,OPP-E,0,2.1,64.6,8.95,196.6
2022-01-12,OPP-E,0.25,2.1,53.2,7.18,194.8
2022-01-12,OPP-E,0.5,3.4,34.4,4.48,188.8
2022-01-12,OPP-E,0.75,3.8,15.6,2,191.8
2022-01-12,OPP-E,1,3.9,12,1.54,191.9
2022-01-12,OPP-E,1.25,3.9,10.1,1.2,192.4
2022-01-31,OPP-E,0,0.7,12.4,12.4,189.4
2022-01-31,OPP-E,0.25,0.7,11.8,11.8,189
2022-01-31,OPP-E,0.5,0.9,9.3,9.3,187.8
2022-01-31,OPP-E,0.75,1.8,5.5,5.5,186.3
2022-01-31,OPP-E,1,3.4,1.4,1.4,198.9
2022-02-11,OPP-E,0,0.9,42.8,5.84,232
2022-02-11,OPP-E,0.25,0.9,35.3,4.97,225.1
2022-02-11,OPP-E,0.5,1.4,17.8,2.32,226.6
2022-02-11,OPP-E,0.75,2.1,5.8,0.76,235.7
2022-02-11,OPP-E,1,3.1,4,0.51,246.1
2021-06-02,OPP-W,0,23.9,158.4,13.34,372
2021-06-02,OPP-W,0.25,22,174.2,15.47,372
2021-06-02,OPP-W,0.5,19.9,176,16.02,364.3
2021-06-02,OPP-W,0.75,18.4,96.1,9,359.3
2021-06-02,OPP-W,1,15,3.4,0.34,374.6
2021-06-02,OPP-W,1.25,12.2,2.1,0.22,370.4
2021-06-02,OPP-W,1.5,11.9,1.2,0.12,363
2021-06-02,OPP-W,1.75,11.3,1,0.1,357.7
2021-06-02,OPP-W,2,11,0.7,0.08,361.6
2021-06-14,OPP-W,0,25.9,158.7,12.85,389.7
2021-06-14,OPP-W,0.25,25.5,133.9,11.07,389.7
2021-06-14,OPP-W,0.5,24.7,23.3,1.92,389.5
2021-06-14,OPP-W,0.75,24.3,2.9,0.24,390.4
2021-06-14,OPP-W,1,22.2,2,0.17,405.3
2021-06-14,OPP-W,1.25,17.9,1.3,0.12,415.8
2021-06-14,OPP-W,1.5,16.3,0.8,0.08,398.3
2021-06-14,OPP-W,1.75,14.5,0.6,0.06,402.8
2021-06-14,OPP-W,2,12.8,0.5,0.05,425.2
2021-06-14,OPP-W,2.25,12.3,0.3,0.03,439.5
2021-06-29,OPP-W,0,24.2,21.3,1.79,131.3
2021-06-29,OPP-W,0.25,24.1,11.2,0.94,131.3
2021-06-29,OPP-W,0.5,24.1,6.5,0.55,131.5
2021-06-29,OPP-W,0.75,23.8,3.2,0.27,131
2021-06-29,OPP-W,1,22.9,0.8,0.07,118.8
2021-06-29,OPP-W,1.25,22.6,0.6,0.05,128.4
2021-06-29,OPP-W,1.5,21.4,0.4,0.04,172.3
2021-06-29,OPP-W,1.75,20.2,0.3,0.03,200
2021-06-29,OPP-W,2,18.5,0.2,0.02,253.6
2021-06-29,OPP-W,2.25,17.3,0.3,0.02,302.4
2021-06-29,OPP-W,2.5,17.6,0.1,0.01,342
2021-07-07,OPP-W,0,26.4,95.1,7.65,131.9
2021-07-07,OPP-W,0.25,26.5,58.7,4.73,131.9
2021-07-07,OPP-W,0.5,26.5,44.5,3.98,132.7
2021-07-07,OPP-W,0.75,26.3,8.3,0.67,136
2021-07-07,OPP-W,1,24.9,1.5,0.12,145.8
2021-07-07,OPP-W,1.25,23.2,0.8,0.07,159.9
2021-07-07,OPP-W,1.5,21.4,0.5,0.05,185.5
2021-07-12,OPP-W,0,23,103.2,8.85,132.8
2021-07-12,OPP-W,0.25,22.7,87,8.5,132.8
2021-07-12,OPP-W,0.5,22.3,22,1.95,133.8
2021-07-12,OPP-W,0.75,22.1,9.8,0.89,134.1
2021-07-12,OPP-W,1,21.9,2.2,0.19,136.5
2021-07-12,OPP-W,1.25,21.6,1.3,0.11,140.7
2021-07-12,OPP-W,1.5,20.8,0.9,0.08,165.5
2021-07-12,OPP-W,1.75,20,0.7,0.06,206.4
2021-07-12,OPP-W,2,18.9,0.6,0.05,281.1
2021-07-12,OPP-W,2.25,18.3,0.5,0.05,325.1
2021-07-12,OPP-W,2.5,17.5,0.3,0.03,393.3
2021-07-30,OPP-W,0,24.3,8.5,0.71,103.4
2021-07-30,OPP-W,0.25,24.4,5.3,0.44,103.4
2021-07-30,OPP-W,0.5,24.2,1.6,0.13,102.2
2021-07-30,OPP-W,0.75,24.2,1.3,0.11,100.5
2021-07-30,OPP-W,1,24.1,1.1,0.09,106.8
2021-07-30,OPP-W,1.25,23.7,0.9,0.07,109.9
2021-07-30,OPP-W,1.5,22.7,0.7,0.06,136
2021-07-30,OPP-W,1.75,21.7,0.6,0.06,209.9
2021-07-30,OPP-W,2,20,0.5,0.05,265.6
2021-07-30,OPP-W,2.25,19.5,0.4,0.04,297.9
2021-07-30,OPP-W,2.5,18,0.4,0.04,355.7
2021-07-30,OPP-W,2.75,17.2,0.4,0.04,405
2021-08-03,OPP-W,0,22.6,25.7,2.29,116.5
2021-08-03,OPP-W,0.25,21.9,8.2,0.72,116.5
2021-08-03,OPP-W,0.5,21.8,2,0.17,120.8
2021-08-03,OPP-W,0.75,21.6,1.7,0.14,122.6
2021-08-03,OPP-W,1,21.6,1.4,0.12,122.8
2021-08-03,OPP-W,1.25,21.5,1.1,0.1,130.6
2021-08-03,OPP-W,1.5,21.3,0.9,0.08,127.4
2021-08-03,OPP-W,1.75,20.7,0.9,0.08,211
2021-08-03,OPP-W,2,19.9,0.7,0.06,287.5
2021-08-03,OPP-W,2.25,19.3,0.6,0.05,328.4
2021-08-03,OPP-W,2.5,18.8,0.5,0.05,378.5
2022-01-12,OPP-W,0,1.5,20.6,2.84,205.9
2022-01-12,OPP-W,0.25,1.2,14.2,1.99,205
2022-01-12,OPP-W,0.5,1.3,9.4,1.31,204.5
2022-01-12,OPP-W,0.75,1.8,6.2,0.84,203.8
2022-01-12,OPP-W,1,2.2,4.3,0.58,203.8
2022-01-12,OPP-W,1.25,2.3,3.5,0.47,206.1
2022-01-12,OPP-W,1.5,2.7,2.9,0.38,206.3
2022-01-12,OPP-W,1.75,2.8,2.4,0.32,208.9
2022-01-12,OPP-W,2,2.8,2.2,0.3,208
2022-01-31,OPP-W,0,0.7,9.1,1.29,320.2
2022-01-31,OPP-W,0.25,0.8,7.2,1.02,319.3
2022-01-31,OPP-W,0.5,0.7,5.3,0.76,319.3
2022-01-31,OPP-W,0.75,0.9,3.6,0.51,318.4
2022-01-31,OPP-W,1,1.2,1.9,0.26,317.2
2022-01-31,OPP-W,1.25,1.3,1.1,0.16,317.2
2022-02-11,OPP-W,0,0.5,15.7,2.11,400.3
2022-02-11,OPP-W,0.25,0.5,8.3,1.15,394.4
2022-02-11,OPP-W,0.5,0.9,4.3,0.61,397
2022-02-11,OPP-W,0.75,1.1,3.3,0.43,399.9
2022-02-11,OPP-W,1,1.6,2.4,0.33,399.6
2022-02-11,OPP-W,1.25,1.5,7.6,0.93,399
2022-02-11,OPP-W,1.5,1.6,2.9,0.4,400.5
2022-02-11,OPP-W,1.75,1.7,2.1,0.29,401.4
2022-02-11,OPP-W,2,1.7,2.1,0.29,401.7
2022-02-11,OPP-W,2.25,1.7,2.2,0.31,402.2
2021-06-03,UM-ARB,0,20.4,108,9.72,814
2021-06-03,UM-ARB,0.25,20.2,107.2,9.69,814
2021-06-03,UM-ARB,0.5,20,103.2,9.34,827
2021-06-03,UM-ARB,0.75,19.8,92.5,8.41,824
2021-06-15,UM-ARB,0,25.8,115.8,9.46,954
2021-06-15,UM-ARB,0.25,25.4,105.4,8.54,954
2021-06-15,UM-ARB,0.5,25,77.2,6.37,948
2021-06-15,UM-ARB,0.75,24.9,62.2,5.12,947
2021-06-15,UM-ARB,1,24.8,47.1,3.9,947
2021-06-30,UM-ARB,0,27.7,114.8,9.06,317.9
2021-06-30,UM-ARB,0.25,26.5,123.6,10.08,317.9
2021-06-30,UM-ARB,0.5,24.4,108.3,8.98,311.2
2021-06-30,UM-ARB,0.75,24.1,78.4,6.59,311.6
2021-07-08,UM-ARB,0,22,7.8,0.67,293.8
2021-07-08,UM-ARB,0.25,22.1,7.1,0.62,293.8
2021-07-08,UM-ARB,0.5,22.1,6.8,0.59,294.8
2021-07-08,UM-ARB,0.75,22.1,6.5,0.56,294.9
2021-07-08,UM-ARB,1,22.1,5.6,0.48,295.2
2021-07-13,UM-ARB,0,23.3,103.4,8.82,393.1
2021-07-13,UM-ARB,0.25,23.3,103.9,8.86,393.1
2021-07-13,UM-ARB,0.5,23,94.9,8.14,393.8
2021-07-13,UM-ARB,0.75,22.8,80.6,6.97,394.3
2021-07-30,UM-ARB,0,25.4,50.3,4.11,291.1
2021-07-30,UM-ARB,0.25,25.4,49.2,4.03,291.1
2021-07-30,UM-ARB,0.5,25.1,34.8,2.88,292.3
2021-07-30,UM-ARB,0.75,24.7,18.3,1.52,291.8
2021-08-02,UM-ARB,0,24.7,129.1,10.77,347.1
2021-08-02,UM-ARB,0.25,24.2,125.2,10.47,347.1
2021-08-02,UM-ARB,0.5,23.2,83,7.11,350.6
2021-08-02,UM-ARB,0.75,23.1,79.2,6.77,346.4
2022-01-12,UM-ARB,0,3.4,21,2.87,777
2022-01-12,UM-ARB,0.25,2.7,10.1,1.31,781
2022-01-12,UM-ARB,0.5,2.9,6,0.76,783
2022-01-12,UM-ARB,0.75,3,4.6,0.6,798
2022-01-31,UM-ARB,0,0.6,13.5,1.9,882
2022-01-31,UM-ARB,0.25,0.5,6.2,0.89,881
2022-01-31,UM-ARB,0.5,1.5,4.9,0.68,870
2022-02-11,UM-ARB,0,0.8,20.2,2.41,1315
2022-02-11,UM-ARB,0.25,1.5,12.4,1.71,1303
2022-02-11,UM-ARB,0.5,2.4,17.5,2.42,1345
2022-02-11,UM-ARB,0.75,2.7,19.6,2.47,1495