pond,DATE,season,Bottom_Temp,Bottom_Cond,Bottom_DO,Depth,Top_Temp,Top_Cond,Top_DO,diffCond,diffTemp,densGrad,maxN2,Schmidt,chloride_mgL,sulfate_mgL,avsnow,totice,blackice,whiteice,secchi_m,TSS_gL,POM_gL,OM_perc,chla_MicrogramsPerLiter,N2O_mean,N2O_sd,max_depth_m,Bottom_DO_perc,DIC,DOC,TIC,TOC,bottom_dens,top_dens,RTRM,CO2_mean,CH4_mean,CO2_sd,CH4_sd,NH4,NO2_NO3,SRP,Floating
ALC,2021-06-08,summer,23.8,1385,28,0.5,24.2,1349,64.2,-36,0.4,0.099,0.004,0.018,361.46,1.99,NA,NA,NA,NA,0.75,0.007,0.004,56.14,13.4,0.006,0,0.79,28,20.9,9.028,21.22,9.102,997.349,997.25,12.02,0,4.83,0,0.898,12.418,-0.846,16.631,40
ALC,2021-06-15,summer,21.9,1519,42.8,0.75,27.1,1625,162.4,106,5.2,1.307,0.04,0.383,386.05,1.83,NA,NA,NA,NA,0.525,0.013,0.009,72.92,25.3,0.008,0,0.79,42.8,17.63,10.57,19.38,10.78,997.796,996.489,159.195,0.413,2.017,0.716,0.438,NA,NA,NA,40
ALC,2021-07-02,summer,22.2,704,3.8,0.75,24.1,681,57.9,-23,1.9,0.453,0.009,0.124,149.21,2.14,NA,NA,NA,NA,0.45,0.017,0.013,76.47,36,NA,NA,NA,3.8,23.81,7.104,23.64,7.135,997.727,997.275,55.165,NA,NA,NA,NA,8.927,1.155,48.406,40
ALC,2021-07-08,summer,20.7,844,36.5,0.5,21.4,843,136.5,-1,0.7,0.152,0.004,0.03,NA,NA,NA,NA,NA,NA,0.575,NA,NA,NA,NA,NA,NA,NA,36.5,NA,NA,NA,NA,998.059,997.907,18.524,NA,NA,NA,NA,NA,NA,NA,40
ALC,2021-07-21,summer,21.4,772,2,0.75,22.1,708,41.7,-64,0.7,0.18,0.004,0.027,142.74,2.31,NA,NA,NA,NA,0.525,0.019,0.013,69.05,40.2,0.007,0,0.79,2,22.2,8.317,23.16,8.277,997.907,997.75,19.133,82.067,11.183,21.9,4.425,NA,NA,NA,40
ALC,2021-07-27,summer,22.4,867,17.4,0.75,22.8,850,41.2,-17,0.4,0.117,0.003,0.012,142.74,2.31,NA,NA,NA,NA,0.29,0.016,0.01,62.22,40,NA,NA,NA,17.4,NA,NA,NA,NA,997.681,997.588,11.349,NA,NA,NA,NA,NA,NA,NA,40
ALC,2021-08-02,summer,19.4,839,42.5,0.75,20.3,849,33.2,10,0.9,0.184,0.003,0.037,NA,NA,NA,NA,NA,NA,NA,NA,NA,NA,NA,NA,NA,NA,NA,24.41,10.19,27.13,10.5,998.328,998.144,22.447,81.7,4.323,7.239,0.975,19.015,4.66,15.43,40
ALC,2022-01-13,winter,2.9,1368,46.9,0.5,0.8,1206,47.7,-162,-2.1,0.074,0.001,0.016,298.58,7.73,1.41,21,19,2,0.8,0.003,0.002,68.18,2.3,0.019,0,0.79,46.9,40.94,5.995,41.3,5.868,999.965,999.891,9.055,199.333,10.967,4.041,0.416,63.848,8.541,10.391,40
ALC,2022-01-27,winter,2.5,1460,2.4,0.75,0.7,704,23.1,-756,-1.8,0.071,0.002,0.012,384.66,7.32,4.5,30.5,23.5,7,0.4,0.01,0.009,89.47,32.6,0.008,0.001,0.79,2.4,52.41,8.016,55.78,7.764,999.957,999.886,8.698,446.667,7.077,6.429,0.17,66.97,16.06,5.153,40
ALC,2022-02-09,winter,1.6,2204,2.5,0.75,0.5,2012,8.3,-192,-1.1,0.06,0.002,0.007,430.87,4.66,2,33,30.5,2.5,0.5,0.041,0.021,51.72,40.8,-0.001,0,0.79,2.5,61.61,8.842,69.49,9.186,999.928,999.874,6.593,585.333,123.667,5.508,1.528,330.097,5.536,1.633,40
CAP,2021-06-07,summer,26.1,348.3,32.1,1,26.2,350.2,39.2,1.9,0.1,0.054,0.001,0.011,53.69,3.07,NA,NA,NA,NA,0.575,0.005,0.004,79.25,14.9,0.005,0,1.392,32.1,19.72,6.062,20.83,5.893,996.76,996.734,3.254,121.667,6.117,7.024,0.823,49.023,-2.409,21.142,68.33333333333333
CAP,2021-06-16,summer,24.9,365.5,81,1,25.8,372.8,74.3,7.3,0.9,0.26,0.005,0.171,59.7,2.62,NA,NA,NA,NA,0.325,0.011,0.01,87.5,36.3,0.005,0,1.392,81,18.69,6.937,19.23,7.027,997.074,996.84,28.463,11.933,2.59,1.662,0.431,NA,NA,NA,68.33333333333333
CAP,2021-07-01,summer,24.4,114.8,8.7,1.25,28.1,102.2,70.4,-12.6,3.7,0.991,0.02,0.813,7.16,1.54,NA,NA,NA,NA,0.875,0.006,0.005,72.31,14.3,NA,NA,NA,8.7,8.226,4.522,9.976,4.632,997.2,996.209,120.784,NA,NA,NA,NA,6.52,2.159,9.219,68.33333333333333
CAP,2021-07-08,summer,23.4,115.2,0.8,1.25,23.5,112.7,4.3,-2.5,0.1,0.048,0.001,0.001,NA,NA,NA,NA,NA,NA,0.575,NA,NA,NA,NA,NA,NA,NA,0.8,NA,NA,NA,NA,997.446,997.422,2.94,NA,NA,NA,NA,NA,NA,NA,68.33333333333333
CAP,2021-07-16,summer,22.1,143.8,0.8,1.75,23.3,105.4,26.4,-38.4,1.2,0.281,0.004,0.106,8.58,1.48,NA,NA,NA,NA,1.05,0.004,0.003,65.22,10,0.022,0.001,1.392,0.8,9.176,5.386,11.45,5.51,997.75,997.47,34.192,148.333,1.523,11.93,0.142,NA,NA,NA,68.33333333333333
CAP,2021-07-29,summer,24.5,94.4,0.7,1,27.3,108.7,36.5,14.3,2.8,0.741,0.018,0.438,NA,NA,NA,NA,NA,NA,0.5,0.011,0.008,68.42,14.8,NA,NA,NA,0.7,NA,NA,NA,NA,997.175,996.434,90.302,NA,NA,NA,NA,NA,NA,NA,68.33333333333333
CAP,2021-08-04,summer,22.7,132,1.1,1.25,25.1,126.8,21.9,-5.2,2.4,0.589,0.013,0.42,8.17,1.88,NA,NA,NA,NA,0.515,0.007,0.005,77.14,6.6,0.002,0,1.392,1.1,11.39,7.04,14.38,6.639,997.612,997.022,71.824,272.667,38.633,27.319,4.697,17.428,1.127,2.703,68.33333333333333
CAP,2022-01-13,winter,3.6,184.4,4.8,1,2.6,171.9,39.1,-12.5,-1,0.014,0,0.01,17.33,2.96,1.5,14,12.5,1.5,0.3,0.01,0.01,97.83,125.1,0.004,0,1.392,4.8,14.37,4.888,17.31,4.945,999.974,999.959,1.746,228.667,3.477,6.506,0.795,13.017,4.18,155.186,68.33333333333333
CAP,2022-01-27,winter,3,242.3,2.2,1.25,1.3,228.4,10.4,-13.9,-1.7,0.056,0.001,0.042,35.52,2.59,8.5,23.5,21,2.5,0.5,0.021,0.019,90.48,288.4,-0.002,0,1.392,2.2,16.88,6.224,23.68,6.34,999.967,999.916,6.264,393.333,38.733,10.017,0.551,24.086,3.046,103.737,68.33333333333333
CAP,2022-02-09,winter,2,611,8.5,1,0.9,626,18.1,15,-1.1,0.052,0.001,0.033,136.75,3.91,0,33.5,29,4.5,0.25,0.032,0.027,84.62,389.8,-0.001,0,1.392,8.5,19,7.084,26.9,9.313,999.943,999.896,5.657,383.333,81.733,1.155,1.115,32.673,3.883,66.985,68.33333333333333
DCSW1,2021-06-09,summer,15.7,333.8,22,1.5,26.9,354,154.2,20.2,11.2,2.449,0.031,3.038,41.9,4.61,NA,NA,NA,NA,1.75,0.002,0.001,80,2.3,0.014,0.001,1.916,22,17.61,8.884,17.83,8.422,998.993,996.544,298.399,0,0.558,0,0.071,27.663,69.436,48.224,5.666666666666667
DCSW1,2021-06-21,summer,19.5,329.2,0.8,1.75,22.6,213,45.2,-116.2,3.1,0.673,0.016,0.29,24.08,3.22,NA,NA,NA,NA,1.6,0.002,0.001,64.71,2.4,0.024,0,1.916,0.8,14.67,7.348,14.52,7.127,998.308,997.635,82.003,2.057,2.723,1.115,0.205,NA,NA,NA,5.666666666666667
DCSW1,2021-07-01,summer,18.6,520,0.8,2,24.3,285.3,50.4,-234.7,5.7,1.26,0.023,0.689,28.72,4.86,NA,NA,NA,NA,1.125,0.005,0.003,65.22,18.1,NA,NA,NA,0.8,21.18,5.284,21.82,5.306,998.485,997.225,153.488,NA,NA,NA,NA,13.334,19.515,40.163,5.666666666666667
DCSW1,2021-07-09,summer,20.2,510,0.2,2,23.2,370.1,16.5,-139.9,3,0.671,0.016,0.349,NA,NA,NA,NA,NA,NA,0.775,NA,NA,NA,NA,NA,NA,NA,0.2,NA,NA,NA,NA,998.165,997.494,81.786,NA,NA,NA,NA,NA,NA,NA,5.666666666666667
DCSW1,2021-07-19,summer,23.4,271.1,11.7,1.75,24.5,257.4,43.4,-13.7,1.1,0.296,0.006,0.216,19.06,3.05,NA,NA,NA,NA,1.45,0.003,0.003,86.67,5.9,0.011,0,1.916,11.7,22.65,6.055,23.08,5.805,997.446,997.175,32.989,92.167,1.887,0.058,0.115,NA,NA,NA,5.666666666666667
DCSW1,2021-07-29,summer,23,457.3,0.7,2,25.4,407.3,21.9,-50,2.4,0.623,0.014,0.199,NA,NA,NA,NA,NA,NA,1.39,0.004,0.003,75,13.4,NA,NA,NA,0.7,NA,NA,NA,NA,997.541,996.945,72.675,NA,NA,NA,NA,NA,NA,NA,5.666666666666667
DCSW1,2021-08-04,summer,23.2,266,25.6,1.75,25.4,269.1,71.2,3.1,2.2,0.549,0.008,0.663,18.7,3.07,NA,NA,NA,NA,0.79,0.006,0.005,84.44,15.3,0.006,0.001,1.916,25.6,22.47,6.628,24.39,6.702,997.494,996.945,66.879,27.267,3.167,3.65,0.385,10.024,1.03,3.758,5.666666666666667
DCSW1,2022-01-13,winter,3.7,527,69.5,2,2.4,529,99.1,2,-1.3,0.02,0,0.017,41.63,12.66,0.5,22,20,2,1.15,0.003,0.001,38.46,5.7,0.022,0,1.916,69.5,47.44,4.086,48.04,3.912,999.974,999.955,2.402,51.967,1.67,0.907,0.052,19.063,14.981,2.644,5.666666666666667
DCSW1,2022-01-27,winter,3.7,516,42.6,1.75,1.8,492.4,76.3,-23.6,-1.9,0.038,0.001,0.05,47.03,12.89,8,31.5,27.5,4,1.8,0.002,0.002,93.75,9.5,0.02,0,1.916,42.6,52.86,4.836,53.77,4.769,999.974,999.936,4.671,195.667,0.369,2.309,0.016,171.554,40.906,4.6,5.666666666666667
DCSW1,2022-02-09,winter,3.5,616,9.8,1.75,1.9,608,15.6,-8,-1.6,0.041,0.001,0.063,47.51,12.93,1.15,37,34,3,2,0.001,0,40,3.2,0.016,0,1.916,9.8,57.17,4.696,58.51,4.21,999.973,999.94,4.091,329.333,1.113,2.082,0.025,407.339,41.459,3.695,5.666666666666667
DCSW2,2021-06-09,summer,14.3,775,11.5,1.5,27.3,557,201.6,-218,13,2.77,0.026,2.929,75.75,14.35,NA,NA,NA,NA,1.4,0.003,0.002,68.97,10.9,0.018,0.002,1.692,11.5,20.45,8.113,17.89,7.776,999.204,996.434,337.559,0,0.789,0,0.043,18.939,23.261,7.927,35
DCSW2,2021-06-21,summer,20.1,415.6,0.1,1.5,22.3,376.2,20.3,-39.4,2.2,0.504,0.014,0.246,44.39,7.31,NA,NA,NA,NA,0.625,0.01,0.007,70.69,21.2,0.09,0.012,1.692,0.1,26.98,7.042,28.65,7.095,998.186,997.705,58.619,107.067,10.02,11.455,2.842,NA,NA,NA,35
DCSW2,2021-07-01,summer,22.4,310,0.5,1.5,24.6,304.4,78.1,-5.6,2.2,0.532,0.006,0.526,27.48,5.05,NA,NA,NA,NA,0.825,0.007,0.004,54,NA,NA,NA,NA,0.5,22.44,5.347,23.13,5.203,997.681,997.15,64.795,NA,NA,NA,NA,17.813,228.582,34.508,35
DCSW2,2021-07-09,summer,21.4,446.6,2.3,1.75,22.8,416.7,56.2,-29.9,1.4,0.343,0.006,0.35,NA,NA,NA,NA,NA,NA,0.525,NA,NA,NA,NA,NA,NA,NA,2.3,NA,NA,NA,NA,997.907,997.588,38.866,NA,NA,NA,NA,NA,NA,NA,35
DCSW2,2021-07-19,summer,22.1,458,1.5,1.5,24.6,414.2,114.3,-43.8,2.5,0.601,0.008,0.49,34.83,6.56,NA,NA,NA,NA,0.715,0.007,0.006,78.87,44.7,0.017,0.001,1.692,1.5,32.68,5.837,35.2,6.175,997.75,997.15,73.179,10.313,3.303,3.616,0.871,NA,NA,NA,35
DCSW2,2021-07-29,summer,24.1,404.7,13.8,1.75,24.6,406.8,35.4,2.1,0.5,0.125,0.001,0.096,NA,NA,NA,NA,NA,NA,0.765,0.017,0.01,57.36,71.1,NA,NA,NA,13.8,NA,NA,NA,NA,997.275,997.15,15.231,NA,NA,NA,NA,NA,NA,NA,35
DCSW2,2021-08-04,summer,22.5,488.9,43.9,1.25,24.1,481.4,97.8,-7.5,1.6,0.384,0.006,0.332,41.49,8.47,NA,NA,NA,NA,0.775,0.01,0.008,79,65.1,0.013,0,1.692,43.9,36.32,5.943,39.29,6.06,997.658,997.275,46.744,60.867,16.283,15.547,17.583,16.45,3.194,7.091,35
DCSW2,2022-01-13,winter,4.2,660,51.9,1,1.8,566,108.7,-94,-2.4,0.039,0.001,0.033,48.73,14.62,1.6,19,17,3,1.25,0.005,0.004,88,33.1,0.035,0.001,1.692,51.9,53.92,4.361,54.75,4.027,999.975,999.936,4.702,43.7,8.953,0.819,0.34,101.353,152.181,10.351,35
DCSW2,2022-01-27,winter,3.5,600,37.5,1.25,1.6,589,76.3,-11,-1.9,0.053,0.001,0.049,52.59,14.11,8,27,24,3,1.2,0.011,0.01,94.34,132.7,0.029,0.001,1.692,37.5,58.52,4.599,63.56,5.2,999.973,999.928,5.444,162,14.733,4,1.155,194.792,96.451,13.047,35
DCSW2,2022-02-09,winter,2.9,696,11.7,1,0.6,693,25.4,-3,-2.3,0.091,0.002,0.072,54.97,14.31,2,37,32,5,1.2,0.002,0.002,80,10.3,0.025,0.001,1.692,11.7,65.87,5.07,67.36,5.069,999.965,999.88,10.404,344.667,26.367,10.214,0.808,544.376,78.993,4.594,35
DCSW3,2021-06-09,summer,17,524,95.5,1.75,28.7,578,148.7,54,11.7,2.741,0.029,4.534,81.88,13.59,NA,NA,NA,NA,1.56,0.001,0.001,84.62,2,0.011,0,2.1,95.5,24.72,6.427,24.99,6.2,998.777,996.036,333.945,0.088,0.507,0.152,0.123,10.345,1.684,55.506,11.666666666666666
DCSW3,2021-06-21,summer,19.5,565,1.2,2,22.2,400,22.5,-165,2.7,0.581,0.015,0.179,52.33,8.23,NA,NA,NA,NA,0.8,0.005,0.004,70.73,13.4,0.011,0.001,2.1,1.2,25.75,6.425,26.16,6.262,998.308,997.727,70.751,63.733,18.833,0.153,1.35,NA,NA,NA,11.666666666666666
DCSW3,2021-07-01,summer,22.1,250.3,0.9,1.75,24.9,180.4,26.8,-69.9,2.8,0.677,0.009,0.659,14.96,2.26,NA,NA,NA,NA,1.775,0.003,0.002,57.69,3.6,NA,NA,NA,0.9,15.07,5.294,15.35,5.129,997.75,997.074,82.458,NA,NA,NA,NA,79.78,77.444,58.56,11.666666666666666
DCSW3,2021-07-09,summer,22.4,243,0.5,1.75,23.8,239.8,13.9,-3.2,1.4,0.333,0.006,0.513,NA,NA,NA,NA,NA,NA,1.05,NA,NA,NA,NA,NA,NA,NA,0.5,NA,NA,NA,NA,997.681,997.349,40.566,NA,NA,NA,NA,NA,NA,NA,11.666666666666666
DCSW3,2021-07-19,summer,21.5,441.9,0.9,2,24.7,388,57.1,-53.9,3.2,0.761,0.013,0.627,36.48,5.98,NA,NA,NA,NA,1.4,0.004,0.003,79.49,11.7,0.01,0,2.1,0.9,28.83,6.229,29.91,6.095,997.885,997.124,92.697,31.733,1.893,1.553,0.172,NA,NA,NA,11.666666666666666
DCSW3,2021-07-29,summer,23.9,95.7,1.2,1.5,25.7,86.9,73.9,-8.8,1.8,0.458,0.006,0.545,NA,NA,NA,NA,NA,NA,0.785,0.015,0.011,71.74,11.3,NA,NA,NA,1.2,NA,NA,NA,NA,997.324,996.866,55.775,NA,NA,NA,NA,NA,NA,NA,11.666666666666666
DCSW3,2021-08-04,summer,22.8,427.9,2.4,2,24.2,419.7,55.2,-8.2,1.4,0.338,0.005,0.48,42.71,6.52,NA,NA,NA,NA,1.35,0.006,0.005,89.47,17.5,0.006,0,2.1,2.4,32.66,6.433,34.36,6.826,997.588,997.25,41.237,80.867,3.107,6.198,0.463,12.557,1.469,10.71,11.666666666666666
DCSW3,2022-01-13,winter,3.5,190.2,72.7,1.25,1.9,189.6,86.2,-0.6,-1.6,0.034,0.001,0.038,7.76,5.91,1.3,20,17,3,1.1,0.005,0.004,85.11,36.3,0.022,0.001,2.1,72.7,19.52,4.239,22.12,4.127,999.973,999.94,4.091,14.167,0.732,3.073,0.095,14.988,113.86,8.255,11.666666666666666
DCSW3,2022-01-27,winter,3.1,186,53.6,1,0.7,192.2,92.1,6.2,-2.4,0.083,0.001,0.08,9.4,5.77,8.9,28.5,25.5,3,1.15,0.003,0.002,51.72,18.8,0.021,0,2.1,53.6,21.68,5.12,22.37,4.774,999.969,999.886,10.107,50.667,1.66,1.801,0.085,69.541,76.687,7.905,11.666666666666666
DCSW3,2022-02-09,winter,2.8,258.9,35.6,1.25,1.4,255.1,43.6,-3.8,-1.4,0.052,0.001,0.052,14.18,5.83,0.4,35,30.5,4.5,1.4,0.004,0.002,46.34,22.8,0.014,0,2.1,35.6,23.65,5.194,24.47,5.179,999.964,999.92,5.3,95.4,1.493,2.551,0.107,204.359,73.603,5.461,11.666666666666666
DOBA4,2021-06-07,summer,18.8,303.2,3.8,1.5,25.8,288,90.9,-15.2,7,1.606,0.029,0.86,53.71,2.53,NA,NA,NA,NA,0.125,0.02,0.014,68.29,44.3,0.008,0,1.64,3.8,9.844,6.333,10.96,6.72,998.446,996.84,195.715,6.207,0.675,1.065,0.073,56.321,-0.208,5.761,40
DOBA4,2021-06-16,summer,22.9,302.9,39.3,1.25,24,305.1,87.8,2.2,1.1,0.29,0.005,0.262,61.42,2.6,NA,NA,NA,NA,0.35,0.021,0.015,71.79,55.8,0.008,0.001,1.64,39.3,11.55,7.593,10.4,7.261,997.565,997.299,32.335,32.2,1.497,5.274,0.545,NA,NA,NA,40
DOBA4,2021-07-01,summer,22.1,118.7,2.2,1.5,25.2,91.2,101,-27.5,3.1,0.754,0.008,0.597,10.71,1.4,NA,NA,NA,NA,0.375,0.016,0.012,72.41,40.2,NA,NA,NA,2.2,6.183,3.583,7.539,3.782,997.75,996.997,91.842,NA,NA,NA,NA,4.621,2.647,6.992,40
DOBA4,2021-07-09,summer,21.4,93.5,52.5,1.5,24.2,95.5,111.3,2,2.8,0.657,0.015,0.738,NA,NA,NA,NA,NA,NA,0.35,NA,NA,NA,NA,NA,NA,NA,52.5,NA,NA,NA,NA,997.907,997.25,80.103,NA,NA,NA,NA,NA,NA,NA,40
DOBA4,2021-07-16,summer,21.8,93.3,1.5,1.5,24.3,86.1,103.9,-7.2,2.5,0.593,0.007,0.485,8.12,1.69,NA,NA,NA,NA,0.325,0.026,0.02,77.78,102,0.011,0.002,1.64,1.5,6.322,4.929,9.385,5.892,997.818,997.225,72.279,3.585,0.35,3.097,0.047,NA,NA,NA,40
DOBA4,2021-07-29,summer,23.9,95.7,1.2,1.5,25.7,86,73.9,-9.7,1.8,0.458,0.006,0.343,NA,NA,NA,NA,NA,NA,0.28,0.075,0.056,74.67,137.3,NA,NA,NA,1.2,NA,NA,NA,NA,997.324,996.866,55.775,NA,NA,NA,NA,NA,NA,NA,40
DOBA4,2021-08-04,summer,21.3,109.5,1.4,1.73,23.5,92.8,81.8,-16.7,2.2,0.508,0.006,0.384,8.82,1.85,NA,NA,NA,NA,0.29,0.03,0.026,88.1,70.1,0.005,0.001,1.64,1.4,8.1,7.264,10.88,8.736,997.929,997.422,61.876,134.333,0.078,36.088,0.061,13.537,2.78,8.239,40
DOBA4,2022-01-13,winter,3.5,155,26.5,1.25,2.2,148,104.2,-7,-1.3,0.024,0.001,0.024,20.49,2.3,1.27,19,16,3,0.3,0.01,0.008,80,40.5,0.013,0,1.64,26.5,9.951,4.423,11.53,4.051,999.973,999.949,2.926,21.667,3.25,3.431,0.2,17.002,2.456,4.523,40
DOBA4,2022-01-27,winter,3.5,149.7,6.5,1.5,1.4,155.7,71.9,6,-2.1,0.053,0.001,0.058,23.75,2.15,9,27.5,23,4.5,0.4,0.029,0.028,95.74,753.2,0.007,0,1.64,6.5,13.88,4.985,20.81,5.853,999.973,999.92,6.451,233.667,3.89,16.503,0.822,36.365,4.725,26.839,40
DOBA4,2022-02-09,winter,3.5,296.7,3.2,1.5,1,204.8,55.6,-91.9,-2.5,0.082,0.002,0.08,27.71,1.78,1.75,33.5,31.5,2,0.12,0.07,0.056,80,632.8,0.001,0,1.64,3.2,16.13,6.317,22.55,7.155,999.973,999.902,8.719,162,7.81,0,0.317,55.818,47.815,54.767,40
DOBA5,2021-06-07,summer,17.1,386,0.5,1.75,27.9,376,99,-10,10.8,2.494,0.03,3.618,74.04,3.46,NA,NA,NA,NA,0.625,0.009,0.006,71.43,28.2,0.01,0,2.08,0.5,12.99,7.138,13.98,7.269,998.759,996.265,303.869,28.633,2.313,2.371,0.551,1095.522,17.967,22.66,0
DOBA5,2021-06-16,summer,17.2,418.2,0.8,2,23.9,355.1,79.2,-63.1,6.7,1.418,0.028,0.816,71.95,3.74,NA,NA,NA,NA,0.335,0.005,0.004,89.36,7.5,0.009,0,2.08,0.8,11.22,11.96,11.52,11.91,998.742,997.324,172.757,3.933,15.367,0.412,1.504,NA,NA,NA,0
DOBA5,2021-07-01,summer,19.5,240,0.4,2,27.2,121.07,105.3,-118.93,7.7,1.847,0.025,2.096,15.99,1.6,NA,NA,NA,NA,1.05,0.011,0.009,83.54,63.7,NA,NA,NA,0.4,7.413,4.251,9.897,4.317,998.308,996.461,225.002,NA,NA,NA,NA,170.883,91.609,12.225,0
DOBA5,2021-07-08,summer,23.8,134.4,26.4,1.75,24,130.6,56.8,-3.8,0.2,0.074,0.001,0.072,NA,NA,NA,NA,NA,NA,1.025,NA,NA,NA,NA,NA,NA,NA,26.4,NA,NA,NA,NA,997.349,997.299,5.986,NA,NA,NA,NA,NA,NA,NA,0
DOBA5,2021-07-16,summer,22.5,150.6,0.8,2,25.8,122,140.2,-28.6,3.3,0.818,0.016,1.436,12.72,1.65,NA,NA,NA,NA,0.575,0.026,0.023,90.7,161.2,0.014,0.001,2.08,0.8,6.956,6.474,12.5,6.948,997.658,996.84,99.718,10.43,15.5,8.855,2.7,NA,NA,NA,0
DOBA5,2021-07-29,summer,23.7,137.6,2.2,1.75,27.8,67.3,131.2,-70.3,4.1,1.079,0.01,1.317,NA,NA,NA,NA,NA,NA,0.275,0.039,0.032,82.54,304.8,NA,NA,NA,2.2,NA,NA,NA,NA,997.373,996.294,131.493,NA,NA,NA,NA,NA,NA,NA,0
DOBA5,2021-08-04,summer,21.6,190.4,1.3,2,23.8,122.4,131.4,-68,2.2,0.514,0.009,0.5,13.9,1.62,NA,NA,NA,NA,0.24,0.068,0.063,92.88,378.7,0.01,0,2.08,1.3,7.629,10.08,15.46,13.84,997.863,997.349,62.678,3.67,32,0,8.448,28.03,1.493,4.611,0
DOBA5,2022-01-13,winter,4,177.5,4.1,2,3.3,162.6,54.2,-14.9,-0.7,0.004,0,0.005,20.04,2.29,1.5,14,12,2,0.4,0.019,0.017,90.91,243.8,0.021,0,2.08,4.1,13.54,6.597,14.66,5.874,999.975,999.971,0.456,1.084,4.96,1.64,0.799,314.453,9.917,76.606,0
DOBA5,2022-01-27,winter,4.6,508,0.6,2,2,165.3,5.4,-342.7,-2.6,0.042,0.001,0.071,22.22,2.05,8.1,21,16,5,0.7,0.018,0.016,89.58,218.7,-0.002,0,2.08,0.6,16.13,7.163,22.94,7.881,999.972,999.943,3.539,310.333,60.533,4.041,5.816,792.261,4.891,94.333,0
DOBA5,2022-02-09,winter,4.2,253.9,1.7,2,1.3,201.9,18.3,-52,-2.9,0.073,0.001,0.127,23.11,1.75,1.25,28,24,4,0.3,0.02,0.018,90.16,265.7,-0.002,0.001,2.08,1.7,17.11,7.037,21.95,8.423,999.975,999.916,7.167,227,11.333,22.716,0.252,719.164,4.8,54.893,0
DOBA7,2021-06-02,summer,13.5,538,5.2,1.5,25.9,563,131.5,25,12.4,2.501,0.082,1.655,120.37,6.69,NA,NA,NA,NA,0.35,0.005,0.003,61.11,12.9,0.012,0.001,1.716,5.2,9.595,6.019,11.41,6.349,999.314,996.813,304.706,0,0.558,0,0.057,14.553,2.565,5.148,30
DOBA7,2021-06-14,summer,24.4,629,25.2,1.25,25,625,79,-4,0.6,0.152,0.004,0.076,142.71,7.49,NA,NA,NA,NA,0.35,0.025,0.016,62.5,86.5,0.007,0.001,1.716,25.2,12.77,8.04,14.08,8.429,997.2,997.048,18.523,9.547,1.353,1.927,0.336,NA,NA,NA,30
DOBA7,2021-06-29,summer,23.9,182.2,50.5,2,24,195.5,59.4,13.3,0.1,0.049,0.001,0.015,34.51,3.69,NA,NA,NA,NA,0.4,0.03,0.013,44.16,92,NA,NA,NA,50.5,7.515,4.719,9.42,4.825,997.324,997.299,2.999,NA,NA,NA,NA,71.953,65.474,7.886,30
DOBA7,2021-07-07,summer,26.5,220.6,3.3,1.5,26,215.9,58.8,-4.7,-0.5,0.27,0.003,-0.128,NA,NA,NA,NA,NA,NA,0.375,NA,NA,NA,NA,NA,NA,NA,3.3,NA,NA,NA,NA,996.653,996.787,-16.328,NA,NA,NA,NA,NA,NA,NA,30
DOBA7,2021-07-12,summer,22.4,246.3,1.1,1.75,24,230,104.8,-16.3,1.6,0.382,0.006,0.431,40.72,4.15,NA,NA,NA,NA,0.29,0.032,0.019,59.15,88.8,0.008,0,1.716,1.1,7.926,6.053,10.31,6.084,997.681,997.299,46.552,1.857,0.461,0.612,0.025,NA,NA,NA,30
DOBA7,2021-07-27,summer,25.1,216.4,50,1.5,24.9,215.7,57.1,-0.7,-0.2,0.051,0,-0.057,NA,NA,NA,NA,NA,NA,0.265,0.037,0.021,55.56,113.2,NA,NA,NA,50,NA,NA,NA,NA,997.022,997.074,-6.244,NA,NA,NA,NA,NA,NA,NA,30
DOBA7,2021-08-03,summer,22.9,207.8,60.8,1.25,23.9,208.1,101.4,0.3,1,0.265,0.006,0.218,39.18,3.95,NA,NA,NA,NA,0.255,0.035,0.024,68.57,110.6,0.01,0,1.716,60.8,5.917,7.081,9.279,7.811,997.565,997.324,29.336,0,0.611,0,0.083,11.245,1.157,8.638,30
DOBA7,2022-01-14,winter,4.5,2750,30.1,1.75,1.1,942,119.9,-1808,-3.4,0.069,0.001,0.084,202.35,5.5,0,25,20,5,0.45,0.007,0.006,87.1,47,0.044,0,1.716,30.1,14.56,3.774,16.07,3.819,999.973,999.906,8.086,0.287,5.003,0.498,1.47,34.193,82.624,2.943,30
DOBA7,2022-01-31,winter,5.3,2238,3.5,1.5,0.6,1152,76,-1086,-4.7,0.094,0.002,0.124,295.189,7.15,6,39,33,6,0.75,0.008,0.008,92.68,63.1,0.063,0,1.716,3.5,19.36,5.002,21.69,5.323,999.961,999.88,9.886,70.067,66.733,6.555,2.503,135.638,94.844,6.166,30
DOBA7,2022-02-11,winter,4.2,4044,8.9,1.5,0.5,1610,53.8,-2434,-3.7,0.1,0.003,0.134,370.68,7.34,0.1,43,38,5,0.25,0.005,0.004,76,18.8,0.06,0,1.716,8.9,19.46,4.762,21.98,4.369,999.975,999.874,12.218,177,127.333,1,6.429,388.959,186.972,3.028,30
DOBA8,2021-06-10,summer,18.5,265.3,4.7,1.75,28.8,271.1,58.8,5.8,10.3,2.497,0.037,2.316,49.86,2.74,NA,NA,NA,NA,1.175,0.004,0.002,60,7.6,0.007,0,2.033,4.7,11.45,6.478,11.9,6.399,998.504,996.007,304.215,70.9,1.323,7.402,0.251,52.727,1.83,6.775,6.666666666666667
DOBA8,2021-06-17,summer,23.2,282,2.5,1.75,25.3,275.9,70,-6.1,2.1,0.523,0.013,0.36,51.11,2.84,NA,NA,NA,NA,0.94,0.004,0.006,2.52,17,0.006,0,2.033,2.5,11.38,6.891,12.14,7.104,997.494,996.971,63.717,47.6,1.83,3.799,0.399,NA,NA,NA,6.666666666666667
DOBA8,2021-06-30,summer,20.8,161.8,0.8,2,25.6,109,102.8,-52.8,4.8,1.145,0.013,1.103,10.22,1.71,NA,NA,NA,NA,0.75,0.009,0.007,83.02,17.8,NA,NA,NA,0.8,6.559,4.172,7.378,4.07,998.038,996.893,139.563,NA,NA,NA,NA,28.782,8.515,29.341,6.666666666666667
DOBA8,2021-07-08,summer,24.2,105.6,0.3,2,24.4,103.5,18.4,-2.1,0.2,0.075,0.002,0.005,NA,NA,NA,NA,NA,NA,0.575,NA,NA,NA,NA,NA,NA,NA,0.3,NA,NA,NA,NA,997.25,997.2,6.081,NA,NA,NA,NA,NA,NA,NA,6.666666666666667
DOBA8,2021-07-20,summer,21.2,130.4,0.7,2,25.7,101.2,69.5,-29.2,4.5,1.085,0.015,0.863,8.04,1.39,NA,NA,NA,NA,0.55,0.011,0.008,77.78,28.8,0.007,0.001,2.033,0.7,8.16,5.017,10.38,5.871,997.951,996.866,132.2,12.733,1.188,1.626,0.392,NA,NA,NA,6.666666666666667
DOBA8,2021-07-26,summer,23.7,118.9,1.9,1.75,26.6,106.7,80.2,-12.2,2.9,0.774,0.013,0.548,NA,NA,NA,NA,NA,NA,0.575,0.011,0.01,89.29,40.6,NA,NA,NA,1.9,NA,NA,NA,NA,997.373,996.626,91.025,NA,NA,NA,NA,NA,NA,NA,6.666666666666667
DOBA8,2021-08-05,summer,22.4,112.5,1.9,2,25.1,95,111.4,-17.5,2.7,0.659,0.009,0.548,6.27,1.83,NA,NA,NA,NA,0.49,0.014,0.013,89.47,44,0.006,0,2.033,1.9,7.081,6.616,9.541,6.811,997.681,997.022,80.318,0,1.323,0,0.185,17.665,7.617,4.898,6.666666666666667
DOBA8,2022-01-14,winter,5.8,399.6,4.1,2,2.5,254.5,63.4,-145.1,-3.3,0.026,0.001,-0.021,14.64,3.83,3,18,14,4,0.95,0.002,0.002,93.33,7,0.031,0.002,2.033,4.1,22.12,3.94,23.66,3.763,999.949,999.957,-0.99,92.333,1.244,6.824,0.473,412.48,167.66,40.731,6.666666666666667
DOBA8,2022-01-30,winter,4.8,326.5,0.6,1.75,2.4,272.1,6.4,-54.4,-2.4,0.02,0.001,0.028,22.71,5.14,11,23,20,3,1.25,0.003,0.002,92.31,8,0.015,0,2.033,0.6,28.45,3.466,30.5,3.282,999.97,999.955,1.833,323.667,2.65,3.512,0.36,636.464,132.561,23.025,6.666666666666667
DOBA8,2022-02-10,winter,4.7,377.6,2.4,1.75,1.5,327.4,19.6,-50.2,-3.2,0.059,0.001,0.098,24.71,4.9,6.5,28.5,23.5,5,1.2,0.003,0.003,86.96,6.4,-0.002,0.001,2.033,2.4,30.48,3.42,32.09,3.331,999.971,999.924,5.665,344,16.2,2,0.265,745.798,50.276,21.484,6.666666666666667
ELV,2021-06-08,summer,14.6,569,0.7,2.75,27.1,567,106.3,-2,12.5,2.672,0.025,7.163,127.73,5.27,NA,NA,NA,NA,0.675,0.007,0.005,68.57,20.1,0.009,0,2.97,0.7,12.01,6.537,12.46,6.654,999.161,996.489,325.541,5.43,0.303,1.332,0.125,8.079,-2.936,4.073,8.5
ELV,2021-06-17,summer,19.1,611,0.9,2.5,24.6,575,100.8,-36,5.5,1.263,0.032,1.16,130.68,5.27,NA,NA,NA,NA,0.475,0.012,0.008,68.33,61.7,0.008,0,2.97,0.9,11.67,6.91,12.66,7.139,998.388,997.15,150.84,3.333,0.398,1.737,0.042,NA,NA,NA,8.5
ELV,2021-06-30,summer,21.6,203.4,0.3,2.75,25.9,258,56.5,54.6,4.3,1.049,0.019,2.781,48.42,2.54,NA,NA,NA,NA,0.7,0.009,0.005,50,20.3,NA,NA,NA,0.3,9.672,5.113,10.82,4.65,997.863,996.813,127.869,NA,NA,NA,NA,53.918,73.135,28.684,8.5
ELV,2021-07-08,summer,20.1,376,0.2,3,23.4,254.1,15.3,-121.9,3.3,0.788,0.014,0.493,NA,NA,NA,NA,NA,NA,0.55,NA,NA,NA,NA,NA,NA,NA,0.2,NA,NA,NA,NA,998.186,997.446,90.162,NA,NA,NA,NA,NA,NA,NA,8.5
ELV,2021-07-20,summer,20.6,495,0.4,3,25.7,222.5,97.7,-272.5,5.1,1.214,0.007,2.702,36.68,2.21,NA,NA,NA,NA,0.7,0.008,0.006,78.05,23.8,0.01,0,2.97,0.4,8.337,5.675,9.197,5.706,998.081,996.866,147.965,0.16,2.363,0.277,0.41,NA,NA,NA,8.5
ELV,2021-07-26,summer,20.7,300,0.6,3,26.5,225.9,88.9,-74.1,5.8,1.406,0.011,2.503,NA,NA,NA,NA,NA,NA,0.775,0.007,0.005,69.05,28.4,NA,NA,NA,0.6,NA,NA,NA,NA,998.059,996.653,171.357,NA,NA,NA,NA,NA,NA,NA,8.5
ELV,2021-08-03,summer,22.3,240.7,0.8,3.25,24.1,211.4,62.1,-29.3,1.8,0.455,0.005,1.054,36.25,1.57,NA,NA,NA,NA,0.64,0.01,0.008,79.49,37.7,0.006,0.001,2.97,0.8,8.789,6.003,10.45,6.703,997.705,997.275,52.37,86.933,2.007,10.65,0.165,20.382,1.977,11.597,8.5
ELV,2022-01-14,winter,3.9,202.2,39.6,3,0.4,168,99,-34.2,-3.5,0.107,0.003,0.246,27.29,3.95,1.5,21,14,7,0.45,0.004,0.004,86.36,44,0.03,0,2.97,39.6,13.66,4.181,14.38,3.908,999.975,999.868,12.987,12.467,1.9,0.651,0.21,97.815,86.186,13.974,8.5
ELV,2022-01-30,winter,3.9,186.3,21.3,3,0.5,186.5,65.2,0.2,-3.4,0.101,0.001,0.334,27.57,3.25,8,31,25.5,5.5,0.35,0.011,0.009,78.57,257.4,0.026,0,2.97,21.3,13.93,4.076,18.79,4.414,999.975,999.874,12.258,62.3,5.667,3.727,0.752,103.32,82.936,25.333,8.5
ELV,2022-02-10,winter,3.4,220.9,27.9,2.75,0.4,219.8,103.3,-1.1,-3,0.104,0.001,0.395,26.38,3.49,4,36.4,32.6,3.8,0.4,0.007,0.005,71.43,89.9,0.025,0,2.97,27.9,14.05,4.265,15.32,4.045,999.972,999.868,12.661,12.767,41.6,1.35,8.3,17.84,70.214,11.464,8.5
HP-UW,2021-06-10,summer,21,1611,10.3,1.75,27.1,1537,161.8,-74,6.1,1.506,0.013,2.062,272.9,36.59,NA,NA,NA,NA,0.35,0.018,0.009,47.78,29,0.035,0.003,1.982,10.3,65.43,2.487,66.94,2.445,997.995,996.489,183.459,70.933,2.14,8.752,0.373,118.23,1169.571,-0.017,5
HP-UW,2021-06-18,summer,22.2,1420,17.1,1.75,23.4,386.1,89.5,-1033.9,1.2,0.282,0.008,0.483,67.36,9.86,NA,NA,NA,NA,0.45,0.016,0.005,33.68,11.1,0.051,0.003,1.982,17.1,17.12,3.281,16.34,3.093,997.727,997.446,34.337,28.5,0.686,0.173,0.092,NA,NA,NA,5
HP-UW,2021-06-29,summer,21.3,1392,46,1.75,23.2,445.2,71.7,-946.8,1.9,0.436,0.01,0.612,62.5,8.52,NA,NA,NA,NA,0.675,0.007,0.003,42.86,8.3,NA,NA,NA,46,20.26,2.269,20.59,2.248,997.929,997.494,53.093,NA,NA,NA,NA,101.204,553.286,7.231,5
HP-UW,2021-07-07,summer,23.3,1312,119.6,1.5,25.2,999,96.7,-313,1.9,0.499,0.015,0.47,NA,NA,NA,NA,NA,NA,0.61,NA,NA,NA,NA,NA,NA,NA,119.6,NA,NA,NA,NA,997.47,996.997,57.65,NA,NA,NA,NA,NA,NA,NA,5
HP-UW,2021-07-21,summer,22.6,1481,65.9,2,24.2,1168,138.8,-313,1.6,0.385,0.004,0.426,210.63,28.75,NA,NA,NA,NA,0.975,0.008,0.004,47.5,14.6,0.048,0.001,1.982,65.9,46.35,2.306,47.28,2.276,997.635,997.25,46.936,48.267,2.093,3.102,0.312,NA,NA,NA,5
HP-UW,2021-07-26,summer,23.1,1476,22.6,1.75,25.8,1276,115.6,-200,2.7,0.678,0.007,0.922,210.63,28.75,NA,NA,NA,NA,0.735,0.012,0.005,39.77,12.1,NA,NA,NA,22.6,NA,NA,NA,NA,997.517,996.84,82.549,NA,NA,NA,NA,NA,NA,NA,5
HP-UW,2021-08-05,summer,22.4,1528,92.6,2,24.1,1244,116.9,-284,1.7,0.407,0.005,0.521,217.02,28.74,NA,NA,NA,NA,0.75,0.007,0.003,44.12,6.2,0.041,0.004,1.982,92.6,52.16,2.192,53.33,2.124,997.681,997.275,49.563,85.867,1.99,5.95,0.358,77.49,901.794,0.688,5
HP-UW,2022-01-12,winter,4,1930,101,1.25,3.4,1868,98.7,-62,-0.6,0.003,0,0.002,364.4,41.44,0,7.5,7.25,0.25,1.5,0.003,0.002,54.84,1.9,0.083,0.014,1.982,101,81.54,1.404,83.32,1.359,999.975,999.972,0.332,102.8,3.2,14.343,0.762,65.733,1755.207,1.169,5
HP-UW,2022-01-31,winter,4.3,1616,110.2,1.5,2.5,1476,108.2,-140,-1.8,0.029,0.001,0.037,342.84,41.27,6,22,21.5,0.5,1.45,0.002,0.001,40.91,5.3,0.076,0.001,1.982,110.2,81.8,1.33,83.31,1.287,999.974,999.957,2.075,138,2.913,2,0.121,78.165,1674.41,0.895,5
HP-UW,2022-02-09,winter,4.5,1886,143.7,1.25,2.7,1836,125.9,-50,-1.8,0.018,0.001,0.018,321.97,39.95,0.15,24,24,0,1.5,0.002,0.001,73.33,7,0.076,0.003,1.982,143.7,79.85,1.333,81.32,1.215,999.973,999.962,1.363,120,3.453,2.646,0.69,47.537,1755.655,0.746,5
KP,2021-06-11,summer,17.3,253.6,0.6,0.75,23.8,178.3,9.2,-75.3,6.5,1.376,0.031,0.494,21.47,1.22,NA,NA,NA,NA,0.35,0.018,0.015,81.25,48.8,0.003,0.001,1.14,0.6,13.68,7.783,21.18,7.677,998.724,997.349,167.619,642,57.4,72.028,15.019,10.241,1.461,75.456,76.66666666666667
KP,2021-06-22,summer,18,196.5,0.6,1,20.9,178.4,26.2,-18.1,2.9,0.6,0.017,0.313,20.77,0.87,NA,NA,NA,NA,0.29,0.056,0.046,83.33,136.8,0.003,0.001,1.14,0.6,21.51,8.33,14.19,8.408,998.598,998.016,70.808,592.333,64.967,94.944,14.437,NA,NA,NA,76.66666666666667
KP,2021-07-02,summer,18.9,267.5,0.8,1,21.7,171.4,33.4,-96.1,2.8,0.586,0.009,0.218,16.68,0.82,NA,NA,NA,NA,0.35,0.03,0.022,75.51,74.3,NA,NA,NA,0.8,14.76,7.614,22.07,7.404,998.427,997.841,71.422,NA,NA,NA,NA,12.141,2.416,58.672,76.66666666666667
KP,2021-07-07,summer,18.6,297.5,0.9,1,24.5,169.7,45.7,-127.8,5.9,1.31,0.023,0.515,NA,NA,NA,NA,NA,NA,0.265,NA,NA,NA,NA,NA,NA,NA,0.9,NA,NA,NA,NA,998.485,997.175,159.592,NA,NA,NA,NA,NA,NA,NA,76.66666666666667
KP,2021-07-14,summer,20,184.4,1.3,0.75,22.9,170,69.3,-14.4,2.9,0.642,0.013,0.215,16.95,0.98,NA,NA,NA,NA,0.35,0.082,0.073,89.31,269.8,0.006,0.002,1.14,1.3,13.96,8.767,23.11,12.75,998.206,997.565,78.163,431.667,66.667,108.487,10.206,NA,NA,NA,76.66666666666667
KP,2021-07-27,summer,20.6,298.9,0.9,1,23.1,176.1,22.5,-122.8,2.5,0.563,0.01,0.205,NA,NA,NA,NA,NA,NA,0.43,0.033,0.025,74,63.3,NA,NA,NA,0.9,NA,NA,NA,NA,998.081,997.517,68.625,NA,NA,NA,NA,NA,NA,NA,76.66666666666667
KP,2021-08-03,summer,18.3,187.9,2,1,24.2,191.7,67.7,3.8,5.9,1.292,0.038,0.68,17.43,0.96,NA,NA,NA,NA,0.35,0.044,0.022,50,35.3,0.001,0,1.14,2,16.2,9.979,25.12,11.48,998.542,997.25,157.389,580.333,96.233,14.503,5.75,17.927,1.452,62.224,76.66666666666667
KP,2022-01-14,winter,2.2,316.2,6.7,1,0.3,284.2,33.6,-32,-1.9,0.087,0.001,0.046,29.72,1.11,2,20,15,5,0.1,0.076,0.027,35.85,246.5,-0.001,0,1.14,6.7,26.92,9.109,44.54,10.7,999.949,999.862,10.591,1426.667,340.333,11.547,13.614,24.985,9.355,31.045,76.66666666666667
KP,2022-01-30,winter,1.4,408.6,0.2,0.75,0.2,406.3,7.2,-2.3,-1.2,0.071,0.002,0.014,43.66,0.94,0,32,27,5,0.15,0.125,0.05,40,495.7,-0.002,0,1.14,0.2,42.24,12.33,71.4,17.06,999.92,999.856,7.839,2660,737.333,26.458,22.301,780.96,14.687,50.096,76.66666666666667
KP,2022-02-10,winter,0.2,574,5.1,0.5,0.4,581,37.4,7,0.2,0.018,0,-0.003,50.08,1.05,6.5,36,29,7,0.1,0.241,0.081,33.77,268.8,-0.003,0.001,1.14,5.1,51.84,14.26,91.72,15.97,999.856,999.868,-1.523,3103.333,994.667,11.547,32.868,2008.319,13.778,7.34,76.66666666666667
L60-UW,2021-06-11,summer,19.3,1372,1.8,1,32.4,1295,151,-77,13.1,3.446,0.059,1.707,295.84,1.91,NA,NA,NA,NA,0.9,0.006,0.003,56.1,6.3,0.004,0.001,1.17,1.8,28.56,9.813,24.84,9.774,998.348,994.902,419.886,20.967,19,8.75,4.8,109.102,1.11,26.813,47.5
L60-UW,2021-06-18,summer,19.4,1374,0.1,1.25,22.7,226.4,63,-1147.6,3.3,0.716,0.01,0.251,39.75,5.25,NA,NA,NA,NA,0.8,0.005,0.002,48.98,1.8,0.052,0.008,1.17,0.1,8.976,3.462,10.56,3.804,998.328,997.612,87.289,52.667,0.807,6.153,0.24,NA,NA,NA,47.5
L60-UW,2021-07-02,summer,19.1,1038,0.7,1,23.1,453.4,10.8,-584.6,4,0.87,0.013,0.386,84.17,1.88,NA,NA,NA,NA,0.65,0.007,0.006,77.78,8.2,NA,NA,NA,0.7,19.23,5.294,21.18,5.311,998.388,997.517,106.034,NA,NA,NA,NA,8.902,1.664,18.143,47.5
L60-UW,2021-07-07,summer,18.8,1166,0.6,1,24.8,392.7,28.2,-773.3,6,1.347,0.018,0.642,NA,NA,NA,NA,NA,NA,0.275,NA,NA,NA,NA,NA,NA,NA,0.6,NA,NA,NA,NA,998.446,997.099,164.147,NA,NA,NA,NA,NA,NA,NA,47.5
L60-UW,2021-07-13,summer,18.1,868,1.2,1,23,461.7,54.1,-406.3,4.9,1.038,0.028,0.569,83.44,1.42,NA,NA,NA,NA,0.45,0.019,0.015,80.36,223.3,0,0.001,1.17,1.2,21.22,7.797,20.91,7.57,998.579,997.541,126.456,233,74.4,58.506,26.028,NA,NA,NA,47.5
L60-UW,2021-07-26,summer,17.5,1032,0.7,1,23.5,448.3,35.2,-583.7,6,1.267,0.022,0.678,NA,NA,NA,NA,NA,NA,0.19,0.01,0.008,80,45,NA,NA,NA,0.7,NA,NA,NA,NA,998.689,997.422,154.386,NA,NA,NA,NA,NA,NA,NA,47.5
L60-UW,2021-08-05,summer,17.6,858,0.9,1,20.5,544,2.3,-314,2.9,0.64,0.013,0.345,94.74,1.74,NA,NA,NA,NA,0.35,0.021,0.015,69.05,52.2,0.001,0.003,1.17,0.9,27.75,9.057,35.13,9.114,998.671,998.102,69.299,580.667,252.333,74.191,45.391,195.667,2.05,9.804,47.5
L60-UW,2022-01-13,winter,3.4,430.2,11.6,1,1.4,430.6,40.5,0.4,-2,0.052,0.001,0.028,65.73,5.32,0.15,20,17.5,2.5,0.9,0.005,0.003,57.89,16.7,0.011,0,1.17,11.6,25.28,5.071,26.52,4.895,999.972,999.92,6.346,386,16.033,3.606,0.85,17.64,6.725,8.737,47.5
L60-UW,2022-01-31,winter,0.4,455.6,8.6,0.5,0.5,237.1,15.6,-218.5,0.1,0.006,0,-0.001,93.96,4.49,7.5,27,21,6,0.25,0.018,0.011,59.09,46.2,-0.001,0.001,1.17,8.6,29.74,5.712,35.79,5.752,999.868,999.874,-0.729,584.333,52.033,8.622,1.447,15.949,10.881,9.948,47.5
L60-UW,2022-02-09,winter,0.9,635,23.1,0.75,0.4,629,37.1,-6,-0.5,0.028,0.001,0.009,114.71,3.87,0.5,35,33.5,1.5,0.3,0.031,0.023,74.55,155.3,-0.001,0,1.17,23.1,32.16,5.683,40.79,6.467,999.896,999.868,3.427,586,78.967,5,2.994,22.482,26.553,5.56,47.5
LM-ARB,2021-06-03,summer,22.3,831,82.7,0.25,22.3,831,79.6,0,0,0,0,0,176.26,6.19,NA,NA,NA,NA,0.325,0.019,0.012,60.87,91.1,0.013,0.002,0.68,82.7,27.04,7.239,31.65,7.366,997.705,997.705,0,81.1,2.043,10.613,0.21,31.976,11.284,14.882,0
LM-ARB,2021-06-15,summer,24.4,955,35.4,0.5,24.2,952,43,-3,-0.2,0.05,0,-0.011,189.04,4.55,NA,NA,NA,NA,0.175,0.054,0.025,47.06,133,0.015,0.001,0.68,35.4,36.98,8.882,40.97,10.25,997.2,997.25,-6.081,144,1.96,20.075,0.41,NA,NA,NA,0
LM-ARB,2021-06-30,summer,24.9,316.8,86.1,0.75,27.2,325.4,94.2,8.6,2.3,0.612,0.012,0.132,55.9,2.98,NA,NA,NA,NA,0.275,0.018,0.011,60.38,76,NA,NA,NA,86.1,12.8,5.619,16.84,5.954,997.074,996.461,74.575,NA,NA,NA,NA,8.564,1.543,30.673,0
LM-ARB,2021-07-08,summer,22,311.9,10.7,0.75,22,311.6,11.7,-0.3,0,0,0,-0,NA,NA,NA,NA,NA,NA,0.525,NA,NA,NA,NA,NA,NA,NA,10.7,NA,NA,NA,NA,997.773,997.773,0,NA,NA,NA,NA,NA,NA,NA,0
LM-ARB,2021-07-13,summer,22.4,394.3,34.4,0.5,22.4,393.4,46.4,-0.9,0,0,0,0,50.27,5.01,NA,NA,NA,NA,0.26,0.034,0.017,51.49,157.2,0.008,0,0.68,34.4,24.31,6.444,27.59,6.264,997.681,997.681,0,112,1.101,11.136,0.359,NA,NA,NA,0
LM-ARB,2021-07-30,summer,24.9,312,33.3,0.75,25.3,312,47.4,0,0.4,0.103,0.002,0.015,NA,NA,NA,NA,NA,NA,0.29,0.019,0.014,72.37,163.4,NA,NA,NA,33.3,NA,NA,NA,NA,997.074,996.971,12.535,NA,NA,NA,NA,NA,NA,NA,0
LM-ARB,2021-08-02,summer,22.1,350.4,47.5,1,23.3,353,87.9,2.6,1.2,0.281,0.006,0.048,37.01,5.53,NA,NA,NA,NA,0.165,0.043,0.028,65.12,76.1,0.007,0.001,0.68,47.5,23.88,6.756,29.03,7.373,997.75,997.47,34.192,38.267,1.119,19.324,0.499,35.834,2.685,8.863,0
LM-ARB,2022-01-12,winter,2.3,894,34.2,0.5,1.4,788,60,-106,-0.9,0.032,0.001,0.007,109.63,16.32,0,24,16,8,0.45,0.007,0.005,69.77,37.8,0.034,0.001,0.68,34.2,59.34,3.206,59.94,3.039,999.952,999.92,3.872,413.333,3.08,122.317,2.04,429.069,125.128,16.825,0
LM-ARB,2022-01-31,winter,0.7,900,25.3,0.5,0.3,907,31.6,7,-0.4,0.024,0.001,0.003,138.65,20.38,0,42,22,20,0.6,0.006,0.006,92.31,39.9,0.01,0,0.68,25.3,78.81,2.717,82.96,2.894,999.886,999.862,2.872,829.333,26.267,8.505,0.493,557.806,40.02,4.778,0
LM-ARB,2022-02-11,winter,0.5,1236,21.2,0.25,0.7,1239,38.4,3,0.2,0.011,0,-0.001,183.91,22.24,0,47,29,18,0.5,0.011,0.005,45.45,18.8,0.023,0,0.68,21.2,75.54,2.755,81.87,2.826,999.874,999.886,-1.392,312.333,8.98,10.263,0.145,568.942,90.638,1.823,0
MDT,2021-06-10,summer,27.6,345.3,111.4,1.25,28.1,344.9,117.1,-0.4,0.5,0.17,0.002,0.107,63.5,2.86,NA,NA,NA,NA,1.4,0.002,0.002,88,9.2,0.007,0,1.59,111.4,9.295,7.081,9.552,6.974,996.35,996.209,17.223,0.002,0.966,0.003,0.045,8.363,1.091,20.041,15
MDT,2021-06-17,summer,24.4,366.7,159.4,1.25,25.5,363.9,156.5,-2.8,1.1,0.281,0.006,0.253,70.13,2.51,NA,NA,NA,NA,0.6,0.01,0.008,83.93,60.5,0.007,0,1.59,159.4,7.446,8.073,8.263,8.326,997.2,996.919,34.279,0.515,0.807,0.738,0.088,NA,NA,NA,15
MDT,2021-06-30,summer,22.3,163.8,0.9,1.5,25.1,135.4,108.8,-28.4,2.8,0.682,0.007,0.487,15.47,1.83,NA,NA,NA,NA,0.725,0.009,0.008,89.66,37.4,NA,NA,NA,0.9,8.175,4.769,9.054,4.85,997.705,997.022,83.125,NA,NA,NA,NA,8.324,25.762,6.028,15
MDT,2021-07-08,summer,22.7,135.5,16.2,1.5,22.8,133.3,40.9,-2.2,0.1,0.071,0.002,-0.029,NA,NA,NA,NA,NA,NA,0.55,NA,NA,NA,NA,NA,NA,NA,16.2,NA,NA,NA,NA,997.612,997.588,2.856,NA,NA,NA,NA,NA,NA,NA,15
MDT,2021-07-20,summer,23.7,130.2,2.3,1.5,25.1,126.9,79.2,-3.3,1.4,0.376,0.005,0.233,11.61,1.76,NA,NA,NA,NA,0.525,0.011,0.01,90.7,36,0.008,0,1.59,2.3,8.661,6.014,10.68,6.463,997.373,997.022,42.728,0.397,0.54,0.359,0.033,NA,NA,NA,15
MDT,2021-07-26,summer,25.7,144.3,7.7,1.5,26.3,133.7,81.8,-10.6,0.6,0.186,0.002,0.16,NA,NA,NA,NA,NA,NA,0.69,0.008,0.007,81.82,25.4,NA,NA,NA,7.7,NA,NA,NA,NA,996.866,996.707,19.423,NA,NA,NA,NA,NA,NA,NA,15
MDT,2021-08-05,summer,23.9,110.8,44.2,1.5,25.1,108.8,93.2,-2,1.2,0.328,0.005,0.237,9.45,2.1,NA,NA,NA,NA,0.4,0.009,0.008,95.24,37.3,0.008,0,1.59,44.2,7.956,6.024,NA,NA,997.324,997.022,36.765,0,0.771,0,0.073,7.181,0.742,3.894,15
MDT,2022-01-14,winter,3.4,199.6,106.1,1.5,2.2,198.7,110.7,-0.9,-1.2,0.023,0.001,0.019,19.73,3.43,3,23,21,2,0.45,0.012,0.011,91.18,132.4,0.018,0,1.59,106.1,16.22,3.957,19.57,3.628,999.972,999.949,2.821,4.74,0.465,2.029,0.31,21.583,19.863,15.353,15
MDT,2022-01-30,winter,3.4,226,22.3,1,1.1,218.9,69.2,-7.1,-2.3,0.081,0.002,0.046,28.31,3.66,8,31,25,6,0.45,0.02,0.017,82.93,249.8,0.018,0,1.59,22.3,19.21,4.352,25.8,4.688,999.972,999.906,8.015,116.667,0.372,1.528,0.045,92.995,7.905,14.51,15
MDT,2022-02-10,winter,1.4,301,73.5,1,0,298,87.6,-3,-1.4,0.078,0.001,0.047,37.7,4.09,4,34.5,30,4.5,0.4,0.018,0.016,85.96,160,0.012,0,1.59,73.5,20.62,3.948,25.2,4.512,999.92,999.843,9.45,119.667,0.745,2.309,0.175,62.196,12.446,27.393,15
O-N,2021-06-11,summer,26.1,718,6.1,1,31.1,677,202.4,-41,5,1.446,0.02,0.658,85.47,18.76,NA,NA,NA,NA,0.275,0.033,0.014,41.84,69.6,0.012,0.001,1.14,6.1,44.29,5.109,45.4,5.354,996.76,995.314,176.241,17,0.319,0.794,0.04,12.836,1.599,4.101,2.3333333333333335
O-N,2021-06-22,summer,21.6,472.2,46.1,1,21.7,465.5,52.4,-6.7,0.1,0.022,0.001,0.004,49.46,11.55,NA,NA,NA,NA,0.275,0.025,0.009,33.61,36.1,0.021,0.001,1.14,46.1,34.29,5.521,35.66,5.862,997.863,997.841,2.721,68.833,0.469,1.026,0.223,NA,NA,NA,2.3333333333333335
O-N,2021-07-01,summer,24.6,489.3,69.2,1,24.7,487.3,79.3,-2,0.1,0.025,0.001,0.004,54.94,11.95,NA,NA,NA,NA,0.29,0.034,0.012,35.19,53.1,NA,NA,NA,69.2,34.3,4.851,36.01,4.491,997.15,997.124,3.081,NA,NA,NA,NA,13.266,2.75,5.281,2.3333333333333335
O-N,2021-07-07,summer,26.9,492.1,40.5,1,27,488.9,82.8,-3.2,0.1,0.055,0.002,-0.004,NA,NA,NA,NA,NA,NA,NA,NA,NA,NA,NA,NA,NA,NA,40.5,NA,NA,NA,NA,996.544,996.517,3.344,NA,NA,NA,NA,NA,NA,NA,2.3333333333333335
O-N,2021-07-14,summer,23.8,533,23,1,25.3,515,140.5,-18,1.5,0.378,0.009,0.213,NA,NA,NA,NA,NA,NA,0.425,0.022,0.013,59.02,35.2,0.021,0.002,1.14,23,33.86,5.218,37.6,5.465,997.349,996.971,46.043,6.853,0.541,1.834,0.027,NA,NA,NA,2.3333333333333335
O-N,2021-07-27,summer,26.3,503,63.1,1,26,502,81.1,-1,-0.3,0.107,0.001,-0.048,NA,NA,NA,NA,NA,NA,0.29,0.042,0.019,46.41,46.2,NA,NA,NA,63.1,NA,NA,NA,NA,996.707,996.787,-9.763,NA,NA,NA,NA,NA,NA,NA,2.3333333333333335
O-N,2021-08-03,summer,23.4,474.5,47.1,1,27,471.1,144.3,-3.4,3.6,0.929,0.027,0.467,54.43,12.46,NA,NA,NA,NA,0.5,0.048,0.039,80.45,51,0.011,0,1.14,47.1,28.53,5.666,35.31,6.502,997.446,996.517,113.191,0.331,1.417,0.37,0.196,11.087,1.205,5.598,2.3333333333333335
O-N,2022-01-14,winter,4,609,119.1,1,0.4,590,120.5,-19,-3.6,0.107,0.004,0.053,52.07,15.93,0,19,14,5,0.55,0.006,0.005,95,11.6,0.178,0.009,1.14,119.1,51.03,4.343,53.26,4.087,999.975,999.868,12.993,91.2,0.352,2.524,0.154,100.265,1074.249,1.45,2.3333333333333335
O-N,2022-01-30,winter,3.7,599,155.5,1,2.3,597,140.8,-2,-1.4,0.025,0.001,0.012,63.02,19.1,0,37,33.5,3.5,0.55,0.005,0.003,52.63,19.7,0.216,0.005,1.14,155.5,60.39,4.919,62.08,4.866,999.974,999.952,2.729,52.1,0.838,2.4,0.303,46.827,1158.998,2.124,2.3333333333333335
O-N,2022-02-10,winter,4,718,136.5,1,2.1,707,140.4,-11,-1.9,0.032,0.001,0.02,56.25,17.31,3,33,27.5,5.5,0.5,0.008,0.003,30.77,11.1,0.222,0.001,1.14,135.7,56.1,4.274,59.04,4.044,999.975,999.946,3.521,61.367,0.796,1.002,0.074,17.898,951.925,1.402,2.3333333333333335
O-S,2021-06-11,summer,27.6,683,26.6,1,29.5,672,127.9,-11,1.9,0.549,0.008,0.259,97.65,13.43,NA,NA,NA,NA,0.55,0.016,0.006,39.73,17.7,0.007,0,1.15,26.6,39.13,5.099,39.71,5.124,996.35,995.801,66.9,22.033,0.602,1.266,0.099,7.287,1.026,5.219,14
O-S,2021-06-22,summer,20.8,491.5,28.6,1,23.3,494.1,61.9,2.6,2.5,0.568,0.007,0.27,62.53,10.15,NA,NA,NA,NA,0.35,0.016,0.006,36.84,14.1,0.01,0,1.15,28.6,30.73,5.081,32.38,5.226,998.038,997.47,69.24,54.7,0.461,6.351,0.017,NA,NA,NA,14
O-S,2021-07-01,summer,23.9,463.9,34.7,1,24.2,463,52.1,-0.9,0.3,0.074,0.002,0.021,55.93,8.9,NA,NA,NA,NA,0.45,0.024,0.008,32.53,26.8,NA,NA,NA,34.7,29.75,4.649,31.1,4.439,997.324,997.25,9.033,NA,NA,NA,NA,10.878,4.146,8.536,14
O-S,2021-07-07,summer,26.4,459.6,14.5,1,26.5,454.8,37.2,-4.8,0.1,0.054,0.002,-0.004,NA,NA,NA,NA,NA,NA,NA,NA,NA,NA,NA,NA,NA,NA,14.5,NA,NA,NA,NA,996.68,996.653,3.288,NA,NA,NA,NA,NA,NA,NA,14
O-S,2021-07-14,summer,23.3,459.9,24.3,1,24.2,450.4,77.6,-9.5,0.9,0.22,0.004,0.113,63.43,10.49,NA,NA,NA,NA,0.625,0.007,0.003,39.19,7.1,0.008,0.001,1.15,24.3,25.61,5.13,26.99,5.179,997.47,997.25,26.778,6.81,0.92,2.592,0.134,NA,NA,NA,14
O-S,2021-07-27,summer,25.4,430.4,3.7,1,25.6,417,71,-13.4,0.2,0.078,0.003,0.001,NA,NA,NA,NA,NA,NA,0.825,0.013,0.006,43.12,28.2,NA,NA,NA,3.7,NA,NA,NA,NA,996.945,996.893,6.36,NA,NA,NA,NA,NA,NA,NA,14
O-S,2021-08-03,summer,22.7,426.5,36.4,1,25.6,434.8,122.5,8.3,2.9,0.719,0.015,0.422,52.19,10.09,NA,NA,NA,NA,0.565,0.044,0.025,57.33,53.3,0.007,0,1.15,36.4,23.27,5.239,26.79,5.497,997.612,996.893,87.638,1.008,2.31,0.57,0.098,7.617,1.197,11.695,14
O-S,2022-01-14,winter,3.7,569,92.4,1.25,1.2,557,117.6,-12,-2.5,0.063,0.002,0.042,63.95,8.73,0,24,12,12,0.75,0.002,0.002,70.83,3.4,0.04,0,1.15,92.4,43.18,5.104,44.12,5.1,999.974,999.911,7.692,69.3,1.503,0.529,0.074,40.066,174.008,3.764,14
O-S,2022-01-30,winter,3.4,550,58.2,1,0.8,546,87.9,-4,-2.6,0.092,0.002,0.042,65.88,11.05,6.5,35,29,6,0.35,0.013,0.003,22.34,14.7,0.073,0.002,1.15,58.2,52.75,5.657,53.65,5.353,999.972,999.891,9.877,167,0.469,4.583,0.102,21.966,296.633,4.196,14
O-S,2022-02-10,winter,2.7,679,82.3,1,1,676,98.6,-3,-1.7,0.06,0.001,0.029,67.78,10.1,0,38,32.5,5.5,0.45,0.011,0.002,20.37,5.8,0.064,0.001,1.15,82.3,55.85,5.517,56.44,5.461,999.962,999.902,7.323,194,1.157,8.185,0.035,21.881,278.107,2.165,14
OPP-E,2021-06-02,summer,14.1,196.3,6,1,21.5,183.3,133,-13,7.4,1.347,0.019,0.967,7.44,4.38,NA,NA,NA,NA,0.29,0.045,0.012,25.98,21,0.012,0,1.636,6,16.68,7.322,18.62,7.505,999.232,997.885,164.153,0,1.66,0,0.22,17.015,3.201,9.205,12.5
OPP-E,2021-06-14,summer,24.7,201.3,2.6,1.25,27,194.6,139.3,-6.7,2.3,0.608,0.008,0.526,8.29,3.9,NA,NA,NA,NA,0.35,0.017,0.013,78.57,75.4,0.007,0,1.636,2.6,17.96,9.729,19.11,9.449,997.124,996.517,74.05,3.727,0.974,0.354,0.304,NA,NA,NA,12.5
OPP-E,2021-06-29,summer,21.3,206.8,0.8,1.75,24.3,181.8,72.8,-25,3,0.729,0.011,0.229,11.3,7.1,NA,NA,NA,NA,0.285,0.031,0.021,67.19,157.8,NA,NA,NA,0.8,14.47,7.693,18.88,8.171,997.929,997.225,85.821,NA,NA,NA,NA,36.132,2.785,8.233,12.5
OPP-E,2021-07-07,summer,24,208.4,1.2,1.5,26.3,184.3,105.6,-24.1,2.3,0.619,0.016,0.237,NA,NA,NA,NA,NA,NA,NA,NA,NA,NA,NA,NA,NA,NA,1.2,NA,NA,NA,NA,997.299,996.707,72.199,NA,NA,NA,NA,NA,NA,NA,12.5
OPP-E,2021-07-12,summer,22.3,202.1,2,1.5,23.3,193.4,97.3,-8.7,1,0.235,0.005,0.227,10.95,5.1,NA,NA,NA,NA,0.275,0.037,0.027,73.61,191.1,0.009,0,1.636,2,16.28,8.601,21.39,9.111,997.705,997.47,28.615,4.497,0.293,0.333,0.029,NA,NA,NA,12.5
OPP-E,2021-07-30,summer,24.9,215.7,2,1.5,25.2,212,78.5,-3.7,0.3,0.103,0.003,0.022,NA,NA,NA,NA,NA,NA,0.25,0.042,0.032,76.62,215.2,NA,NA,NA,2,NA,NA,NA,NA,997.074,996.997,9.384,NA,NA,NA,NA,NA,NA,NA,12.5
OPP-E,2021-08-03,summer,22.6,212,45.5,1.5,23.6,208.9,128.3,-3.1,1,0.238,0.005,0.276,11.95,4.48,NA,NA,NA,NA,0.215,0.057,0.049,86.25,377.8,0.007,0,1.636,45.5,17.28,7.717,24.2,10.18,997.635,997.397,28.977,0,0.612,0,0.066,18.593,3.566,15.992,12.5
OPP-E,2022-01-12,winter,3.9,192.4,10.1,1.25,2.1,196.6,64.6,4.2,-1.8,0.029,0.001,0.033,8.26,4.47,2.5,20,7,13,0.1,0.026,0.024,89.39,246.6,0.021,0,1.636,10.1,22.7,5.518,27.7,5.88,999.975,999.946,3.514,149,0.3,9.539,0.068,548.112,60.097,25.585,12.5
OPP-E,2022-01-31,winter,3.4,198.9,1.4,1,0.7,189.4,12.4,-9.5,-2.7,0.087,0.002,0.056,8.25,3.49,10,25,19,6,0.4,0.041,0.038,93.44,601.6,0.018,0.001,1.636,1.4,25.09,7.016,34.86,8.691,999.972,999.886,10.54,342,0.36,3.606,0.108,1048.83,28.244,47.889,12.5
OPP-E,2022-02-11,winter,3.1,246.1,4,1,0.9,232,42.8,-14.1,-2.2,0.072,0.001,0.052,9.52,2.41,6,28,24,4,0.33,0.033,0.027,82.22,451.2,0.001,0,1.636,4,25.16,6.813,33.26,7.845,999.969,999.896,8.802,329,4.393,1.732,0.391,913.025,8.616,12.981,12.5
OPP-W,2021-06-02,summer,11,361.6,0.7,2,23.9,372,158.4,10.4,12.9,2.283,0.023,5.484,58.29,14.68,NA,NA,NA,NA,0.15,0.02,0.013,66.13,71.3,0.014,0,2.667,0.7,14.32,8.884,16.36,8.946,999.607,997.324,278.206,0.219,1.55,0.379,0.442,27.947,3.854,15.886,40
OPP-W,2021-06-14,summer,12.3,439.5,0.3,2.25,25.9,389.7,158.7,-49.8,13.6,2.651,0.035,6.852,65.18,5.29,NA,NA,NA,NA,0.275,0.016,0.013,85.71,548.6,0.007,0.001,2.667,0.3,18.94,12.4,22.34,15.34,999.465,996.813,323.042,14.467,0.599,6.25,0.116,NA,NA,NA,40
OPP-W,2021-06-29,summer,17.6,342,0.1,2.5,24.2,131.3,21.3,-210.7,6.6,1.474,0.013,3.294,10.47,1.96,NA,NA,NA,NA,0.375,0.021,0.018,83.78,158.2,NA,NA,NA,0.1,11.33,8.862,16.68,8.431,998.671,997.25,173.105,NA,NA,NA,NA,56.81,11.122,65.152,40
OPP-W,2021-07-07,summer,21.4,185.5,0.5,1.5,26.4,131.9,95.1,-53.6,5,1.254,0.017,1.669,NA,NA,NA,NA,NA,NA,NA,NA,NA,NA,NA,NA,NA,NA,0.5,NA,NA,NA,NA,997.907,996.68,149.545,NA,NA,NA,NA,NA,NA,NA,40
OPP-W,2021-07-12,summer,17.5,393.3,0.3,2.5,23,132.8,103.2,-260.5,5.5,1.147,0.009,2.205,8.95,1.11,NA,NA,NA,NA,0.26,0.059,0.05,85.37,488.8,0.007,0,2.667,0.3,14.97,10.51,19.96,13.16,998.689,997.541,139.807,236.333,1.741,2.517,0.674,NA,NA,NA,40
OPP-W,2021-07-30,summer,17.2,405,0.4,2.75,24.3,103.4,8.5,-301.6,7.1,1.542,0.014,2.493,NA,NA,NA,NA,NA,NA,0.325,0.032,0.028,86.67,359.5,NA,NA,NA,0.4,NA,NA,NA,NA,998.742,997.225,184.824,NA,NA,NA,NA,NA,NA,NA,40
OPP-W,2021-08-03,summer,18.8,378.5,0.5,2.5,22.6,116.5,25.7,-262,3.8,0.811,0.007,1.277,6.25,1.55,NA,NA,NA,NA,0.295,0.046,0.041,90.14,335.1,0.001,0.001,2.667,0.5,12.76,11.58,19.36,12.21,998.446,997.635,98.828,580.667,54.8,57.873,12.85,13.995,3.924,55.976,40
OPP-W,2022-01-12,winter,2.8,208,2.2,2,1.5,205.9,20.6,-2.1,-1.3,0.052,0.001,0.126,16.58,4.66,3,12,8,4,0.15,0.026,0.025,94.87,370,0.126,0.006,2.667,2.2,19.28,5.246,28.12,4.598,999.964,999.924,4.786,413.667,0.99,18.61,0.173,222.402,13.971,76.294,40
OPP-W,2022-01-31,winter,1.3,317.2,1.1,1.25,0.7,320.2,9.1,3,-0.6,0.03,0.001,0.032,44.86,7.21,0,25,20,5,0.3,0.035,0.024,69.39,366,0.315,0.004,2.667,1.1,27.12,5.46,36.05,5.569,999.916,999.886,3.659,585.333,0.434,6.658,0.071,292.294,56.141,45.736,40
OPP-W,2022-02-11,winter,1.7,402.2,2.2,2.25,0.5,400.3,15.7,-1.9,-1.2,0.058,0.001,0.167,46.68,5.82,4,29.5,23.5,6,0.33,0.04,0.029,72.5,466.8,-0,0.002,2.667,2.2,30.1,5.176,38.85,6.159,999.932,999.874,7.065,630,33.667,32.97,2.656,319.599,12.276,18.041,40
UM-ARB,2021-06-03,summer,19.8,824,92.5,0.75,20.4,814,108,-10,0.6,0.124,0.002,0.037,172.14,6.83,NA,NA,NA,NA,0.275,0.032,0.02,62.31,127,0.018,0.002,0.958,92.5,28.95,7.119,30.96,7.674,998.247,998.123,15.157,103.2,4.847,9.259,0.188,16.911,-0.048,10.473,0
UM-ARB,2021-06-15,summer,24.8,947,47.1,1,25.8,954,115.8,7,1,0.259,0.004,0.101,187.96,5.8,NA,NA,NA,NA,0.135,0.061,0.03,49.14,173.5,0.016,0.001,0.958,47.1,37.89,8.933,40.76,10.06,997.099,996.84,31.568,120,1.161,9,0.319,NA,NA,NA,0
UM-ARB,2021-06-30,summer,24.1,311.6,78.4,0.75,27.7,317.9,114.8,6.3,3.6,0.953,0.022,0.347,55.64,2.7,NA,NA,NA,NA,0.275,0.032,0.023,71.58,108,NA,NA,NA,78.4,11.84,5.666,16.28,6.054,997.275,996.322,116.087,NA,NA,NA,NA,13.736,2.605,35.025,0
UM-ARB,2021-07-08,summer,22.1,295.2,5.6,1,22,293.8,7.8,-1.4,-0.1,0.023,0,-0.009,NA,NA,NA,NA,NA,NA,0.375,NA,NA,NA,NA,NA,NA,NA,5.6,NA,NA,NA,NA,997.75,997.773,-2.77,NA,NA,NA,NA,NA,NA,NA,0
UM-ARB,2021-07-13,summer,22.8,394.3,80.6,0.75,23.3,393.1,103.4,-1.2,0.5,0.119,0.003,0.035,53.51,5.08,NA,NA,NA,NA,0.29,0.031,0.019,61.17,137.3,0.017,0.001,0.958,80.6,22.17,5.953,28.45,6.297,997.588,997.47,14.459,133.667,1.008,9.609,0.207,NA,NA,NA,0
UM-ARB,2021-07-30,summer,24.7,291.8,18.3,0.75,25.4,291.1,50.3,-0.7,0.7,0.18,0.004,0.046,NA,NA,NA,NA,NA,NA,0.305,0.043,0.021,48.8,127.9,NA,NA,NA,18.3,NA,NA,NA,NA,997.124,996.945,21.895,NA,NA,NA,NA,NA,NA,NA,0
UM-ARB,2021-08-02,summer,23.1,346.4,79.2,0.75,24.7,347.1,129.1,0.7,1.6,0.393,0.01,0.146,40.08,6.73,NA,NA,NA,NA,0.26,0.039,0.025,64.52,91.8,0.014,0.001,0.958,79.2,21.67,6.5,26.18,6.48,997.517,997.124,47.888,58.9,1.065,14.964,0.775,26.459,2.864,6.623,0
UM-ARB,2022-01-12,winter,3,798,4.6,0.75,3.4,777,21,-21,0.4,0.011,0,-0.002,107.46,16.27,2.75,14,10,4,0.5,0.01,0.007,71.43,21.9,0.122,0.016,0.958,4.6,61.36,3.922,65.44,3.677,999.967,999.972,-0.617,876,94.633,8.544,6.453,293.545,146.883,16.366,0
UM-ARB,2022-01-31,winter,1.5,870,4.9,0.5,0.6,882,13.5,12,-0.9,0.05,0.002,0.009,132.63,19.7,3,25,16,9,0.5,0.008,0.004,56.67,5.5,0.005,0.001,0.958,4.9,75.63,3.366,82.82,3.723,999.924,999.88,5.393,1060,150.667,17.321,4.726,446.221,64.143,4.045,0
UM-ARB,2022-02-11,winter,2.7,1495,19.6,0.75,0.8,1315,20.2,-180,-1.9,0.07,0.001,0.025,208.44,22.91,0,30,22,8,0.5,0.007,0.003,51.52,15,0.06,0.003,0.958,19.6,83.17,3.926,90.79,3.475,999.962,999.891,8.585,1173.333,202.667,5.774,8.386,472.55,227.635,1.901,0
